user_id,product_id,product_name,category,product_description,rating,price
164,15,Keyboard,Electronics,Keyboard for Electronics category with premium quality and smart features,3,252.44
36,14,Perfume,Fashion,Perfume for Fashion category with premium quality and smart features,4,41.46
24,28,Watch,Home,Watch for Home category with premium quality and smart features,5,36.27
51,70,T-Shirt,Groceries,T-Shirt for Groceries category with premium quality and smart features,4,593.37
2,21,Cookware,Groceries,Cookware for Groceries category with premium quality and smart features,3,163.92
196,44,Laptop,Fashion,Laptop for Fashion category with premium quality and smart features,4,105.75
89,78,Camera,Beauty,Camera for Beauty category with premium quality and smart features,1,732.43
138,16,Laptop,Groceries,Laptop for Groceries category with premium quality and smart features,5,300.25
161,80,Perfume,Sports,Perfume for Sports category with premium quality and smart features,2,707.53
12,30,Laptop,Beauty,Laptop for Beauty category with premium quality and smart features,2,867.82
98,36,Gaming Mouse,Toys,Gaming Mouse for Toys category with premium quality and smart features,3,171.03
91,27,Keyboard,Beauty,Keyboard for Beauty category with premium quality and smart features,1,613.04
44,69,Headphones,Home,Headphones for Home category with premium quality and smart features,4,385.66
164,72,Gaming Mouse,Home,Gaming Mouse for Home category with premium quality and smart features,3,844.42
199,8,Blender,Home,Blender for Home category with premium quality and smart features,1,807.0
103,35,T-Shirt,Fashion,T-Shirt for Fashion category with premium quality and smart features,5,877.6
81,28,Novel,Toys,Novel for Toys category with premium quality and smart features,4,151.44
36,32,Keyboard,Beauty,Keyboard for Beauty category with premium quality and smart features,5,434.15
150,52,T-Shirt,Sports,T-Shirt for Sports category with premium quality and smart features,2,514.43
24,7,Headphones,Fashion,Headphones for Fashion category with premium quality and smart features,2,794.16
109,77,Novel,Fashion,Novel for Fashion category with premium quality and smart features,4,599.93
120,68,Watch,Beauty,Watch for Beauty category with premium quality and smart features,1,683.48
30,69,Camera,Beauty,Camera for Beauty category with premium quality and smart features,3,120.44
112,21,Smartphone,Toys,Smartphone for Toys category with premium quality and smart features,3,972.17
196,23,Blender,Fashion,Blender for Fashion category with premium quality and smart features,3,843.25
130,78,Headphones,Home,Headphones for Home category with premium quality and smart features,3,764.89
139,68,Perfume,Electronics,Perfume for Electronics category with premium quality and smart features,3,493.72
29,47,T-Shirt,Beauty,T-Shirt for Beauty category with premium quality and smart features,1,248.46
146,11,Keyboard,Fashion,Keyboard for Fashion category with premium quality and smart features,4,817.86
195,69,Headphones,Books,Headphones for Books category with premium quality and smart features,4,947.38
43,34,T-Shirt,Groceries,T-Shirt for Groceries category with premium quality and smart features,5,757.71
177,26,Novel,Beauty,Novel for Beauty category with premium quality and smart features,3,443.72
133,58,T-Shirt,Fashion,T-Shirt for Fashion category with premium quality and smart features,2,73.39
6,76,Perfume,Home,Perfume for Home category with premium quality and smart features,2,17.12
182,8,Laptop,Home,Laptop for Home category with premium quality and smart features,1,861.04
19,66,Sneakers,Home,Sneakers for Home category with premium quality and smart features,4,222.09
34,74,T-Shirt,Toys,T-Shirt for Toys category with premium quality and smart features,4,809.42
49,13,Gaming Mouse,Fashion,Gaming Mouse for Fashion category with premium quality and smart features,4,360.75
106,60,Gaming Mouse,Electronics,Gaming Mouse for Electronics category with premium quality and smart features,1,70.01
187,44,T-Shirt,Fashion,T-Shirt for Fashion category with premium quality and smart features,2,198.31
115,18,Headphones,Groceries,Headphones for Groceries category with premium quality and smart features,3,468.0
20,57,Smartphone,Fashion,Smartphone for Fashion category with premium quality and smart features,5,837.67
24,31,Novel,Books,Novel for Books category with premium quality and smart features,4,486.54
103,8,Novel,Books,Novel for Books category with premium quality and smart features,1,985.46
68,59,Novel,Beauty,Novel for Beauty category with premium quality and smart features,5,665.25
125,20,Sneakers,Home,Sneakers for Home category with premium quality and smart features,2,969.02
149,70,Keyboard,Electronics,Keyboard for Electronics category with premium quality and smart features,3,66.59
150,62,Smartphone,Books,Smartphone for Books category with premium quality and smart features,5,89.31
48,9,Gaming Mouse,Fashion,Gaming Mouse for Fashion category with premium quality and smart features,2,409.74
146,32,Perfume,Electronics,Perfume for Electronics category with premium quality and smart features,1,425.03
150,73,Football,Sports,Football for Sports category with premium quality and smart features,3,212.22
184,41,Sneakers,Home,Sneakers for Home category with premium quality and smart features,4,139.57
166,39,Cookware,Toys,Cookware for Toys category with premium quality and smart features,1,19.22
160,73,Laptop,Fashion,Laptop for Fashion category with premium quality and smart features,5,221.02
68,17,Football,Sports,Football for Sports category with premium quality and smart features,1,880.48
95,37,Backpack,Books,Backpack for Books category with premium quality and smart features,5,706.5
157,68,Gaming Mouse,Electronics,Gaming Mouse for Electronics category with premium quality and smart features,5,306.38
170,14,Sneakers,Books,Sneakers for Books category with premium quality and smart features,1,890.82
191,71,Sneakers,Books,Sneakers for Books category with premium quality and smart features,3,608.78
184,44,Gaming Mouse,Home,Gaming Mouse for Home category with premium quality and smart features,3,510.35
65,7,Gaming Mouse,Fashion,Gaming Mouse for Fashion category with premium quality and smart features,4,831.05
12,1,Camera,Sports,Camera for Sports category with premium quality and smart features,2,640.74
68,21,Watch,Toys,Watch for Toys category with premium quality and smart features,4,565.3
29,10,Watch,Books,Watch for Books category with premium quality and smart features,1,836.25
150,71,Novel,Books,Novel for Books category with premium quality and smart features,2,51.41
94,6,T-Shirt,Sports,T-Shirt for Sports category with premium quality and smart features,2,670.26
91,72,Perfume,Groceries,Perfume for Groceries category with premium quality and smart features,2,926.51
61,21,Football,Books,Football for Books category with premium quality and smart features,4,34.54
189,43,Camera,Groceries,Camera for Groceries category with premium quality and smart features,2,274.14
180,14,Blender,Groceries,Blender for Groceries category with premium quality and smart features,1,860.01
57,26,Cookware,Toys,Cookware for Toys category with premium quality and smart features,3,822.33
59,29,Gaming Mouse,Electronics,Gaming Mouse for Electronics category with premium quality and smart features,2,404.48
72,9,Cookware,Beauty,Cookware for Beauty category with premium quality and smart features,5,405.68
138,43,Laptop,Electronics,Laptop for Electronics category with premium quality and smart features,3,186.78
68,5,Perfume,Fashion,Perfume for Fashion category with premium quality and smart features,4,352.23
81,56,Novel,Fashion,Novel for Fashion category with premium quality and smart features,5,198.18
12,56,Watch,Electronics,Watch for Electronics category with premium quality and smart features,5,689.99
190,26,Novel,Sports,Novel for Sports category with premium quality and smart features,1,949.39
85,80,Gaming Mouse,Sports,Gaming Mouse for Sports category with premium quality and smart features,1,722.56
77,65,Gaming Mouse,Beauty,Gaming Mouse for Beauty category with premium quality and smart features,4,332.92
179,38,T-Shirt,Books,T-Shirt for Books category with premium quality and smart features,4,668.28
98,23,Novel,Beauty,Novel for Beauty category with premium quality and smart features,5,835.39
78,37,Novel,Home,Novel for Home category with premium quality and smart features,5,610.59
83,60,Backpack,Toys,Backpack for Toys category with premium quality and smart features,2,516.06
189,22,Sneakers,Fashion,Sneakers for Fashion category with premium quality and smart features,5,667.22
159,43,Blender,Fashion,Blender for Fashion category with premium quality and smart features,2,676.07
58,26,Smartphone,Books,Smartphone for Books category with premium quality and smart features,1,252.39
122,79,Backpack,Fashion,Backpack for Fashion category with premium quality and smart features,4,887.28
148,25,Backpack,Groceries,Backpack for Groceries category with premium quality and smart features,4,251.54
168,1,Camera,Fashion,Camera for Fashion category with premium quality and smart features,4,226.65
179,67,Smartphone,Toys,Smartphone for Toys category with premium quality and smart features,5,256.71
32,59,Camera,Books,Camera for Books category with premium quality and smart features,4,670.9
144,77,Camera,Sports,Camera for Sports category with premium quality and smart features,4,616.53
185,65,Blender,Groceries,Blender for Groceries category with premium quality and smart features,5,451.45
41,61,Sneakers,Toys,Sneakers for Toys category with premium quality and smart features,2,841.46
71,67,Gaming Mouse,Toys,Gaming Mouse for Toys category with premium quality and smart features,2,281.85
20,37,Sneakers,Home,Sneakers for Home category with premium quality and smart features,3,326.51
139,11,Headphones,Books,Headphones for Books category with premium quality and smart features,2,389.2
40,28,Novel,Fashion,Novel for Fashion category with premium quality and smart features,4,337.57
120,54,T-Shirt,Electronics,T-Shirt for Electronics category with premium quality and smart features,4,395.58
198,75,Blender,Electronics,Blender for Electronics category with premium quality and smart features,5,386.58
2,46,Camera,Beauty,Camera for Beauty category with premium quality and smart features,4,854.91
108,69,Backpack,Home,Backpack for Home category with premium quality and smart features,2,280.21
125,4,Cookware,Groceries,Cookware for Groceries category with premium quality and smart features,4,726.94
120,17,Football,Electronics,Football for Electronics category with premium quality and smart features,4,595.97
170,4,Gaming Mouse,Fashion,Gaming Mouse for Fashion category with premium quality and smart features,4,144.34
119,24,Sneakers,Electronics,Sneakers for Electronics category with premium quality and smart features,4,334.08
117,42,Camera,Sports,Camera for Sports category with premium quality and smart features,4,285.47
108,33,Backpack,Fashion,Backpack for Fashion category with premium quality and smart features,1,751.53
14,45,Gaming Mouse,Home,Gaming Mouse for Home category with premium quality and smart features,1,783.42
167,6,T-Shirt,Electronics,T-Shirt for Electronics category with premium quality and smart features,2,840.84
160,20,Headphones,Home,Headphones for Home category with premium quality and smart features,4,672.76
145,28,Keyboard,Toys,Keyboard for Toys category with premium quality and smart features,3,769.23
43,78,Camera,Fashion,Camera for Fashion category with premium quality and smart features,2,965.07
28,75,Football,Electronics,Football for Electronics category with premium quality and smart features,3,580.04
97,51,Laptop,Home,Laptop for Home category with premium quality and smart features,5,693.71
161,32,Keyboard,Fashion,Keyboard for Fashion category with premium quality and smart features,3,851.79
154,16,Cookware,Electronics,Cookware for Electronics category with premium quality and smart features,5,434.09
95,9,Smartphone,Sports,Smartphone for Sports category with premium quality and smart features,4,824.11
28,56,Gaming Mouse,Sports,Gaming Mouse for Sports category with premium quality and smart features,4,710.24
112,23,Perfume,Beauty,Perfume for Beauty category with premium quality and smart features,5,776.9
120,56,Cookware,Beauty,Cookware for Beauty category with premium quality and smart features,2,832.42
23,36,T-Shirt,Toys,T-Shirt for Toys category with premium quality and smart features,4,574.15
172,49,Smartphone,Sports,Smartphone for Sports category with premium quality and smart features,4,852.44
47,63,Cookware,Home,Cookware for Home category with premium quality and smart features,3,346.94
153,36,Watch,Electronics,Watch for Electronics category with premium quality and smart features,2,94.76
185,53,Watch,Toys,Watch for Toys category with premium quality and smart features,2,693.7
166,63,Camera,Toys,Camera for Toys category with premium quality and smart features,1,102.12
57,52,Sneakers,Home,Sneakers for Home category with premium quality and smart features,5,375.33
142,68,Novel,Sports,Novel for Sports category with premium quality and smart features,5,337.48
180,59,Sneakers,Beauty,Sneakers for Beauty category with premium quality and smart features,3,238.23
185,25,Laptop,Sports,Laptop for Sports category with premium quality and smart features,5,951.37
177,24,T-Shirt,Home,T-Shirt for Home category with premium quality and smart features,4,283.73
151,68,Laptop,Beauty,Laptop for Beauty category with premium quality and smart features,2,303.28
93,23,Smartphone,Beauty,Smartphone for Beauty category with premium quality and smart features,5,135.32
12,7,Keyboard,Beauty,Keyboard for Beauty category with premium quality and smart features,2,641.49
193,63,Blender,Fashion,Blender for Fashion category with premium quality and smart features,1,578.32
121,62,Cookware,Toys,Cookware for Toys category with premium quality and smart features,2,965.84
65,62,Blender,Fashion,Blender for Fashion category with premium quality and smart features,1,406.7
19,74,Headphones,Electronics,Headphones for Electronics category with premium quality and smart features,2,813.03
78,11,Laptop,Home,Laptop for Home category with premium quality and smart features,5,766.8
156,77,Camera,Home,Camera for Home category with premium quality and smart features,5,386.57
114,39,Sneakers,Groceries,Sneakers for Groceries category with premium quality and smart features,5,624.82
157,13,Gaming Mouse,Home,Gaming Mouse for Home category with premium quality and smart features,2,272.0
21,21,Headphones,Home,Headphones for Home category with premium quality and smart features,5,84.31
1,53,Keyboard,Toys,Keyboard for Toys category with premium quality and smart features,5,475.21
9,30,Keyboard,Beauty,Keyboard for Beauty category with premium quality and smart features,3,705.96
117,10,Football,Home,Football for Home category with premium quality and smart features,3,789.95
161,76,Novel,Home,Novel for Home category with premium quality and smart features,1,549.12
166,20,Blender,Beauty,Blender for Beauty category with premium quality and smart features,2,80.7
43,40,Backpack,Beauty,Backpack for Beauty category with premium quality and smart features,1,474.01
78,52,Watch,Beauty,Watch for Beauty category with premium quality and smart features,5,498.86
21,77,Football,Electronics,Football for Electronics category with premium quality and smart features,4,737.19
155,33,Laptop,Electronics,Laptop for Electronics category with premium quality and smart features,2,962.29
148,76,Camera,Electronics,Camera for Electronics category with premium quality and smart features,3,580.48
196,23,Watch,Toys,Watch for Toys category with premium quality and smart features,4,916.91
47,75,Gaming Mouse,Groceries,Gaming Mouse for Groceries category with premium quality and smart features,4,969.36
121,45,Cookware,Groceries,Cookware for Groceries category with premium quality and smart features,3,673.43
42,43,Keyboard,Groceries,Keyboard for Groceries category with premium quality and smart features,4,295.34
103,71,Backpack,Electronics,Backpack for Electronics category with premium quality and smart features,1,321.37
83,15,Blender,Groceries,Blender for Groceries category with premium quality and smart features,5,826.68
1,70,Novel,Toys,Novel for Toys category with premium quality and smart features,1,195.71
93,80,Gaming Mouse,Toys,Gaming Mouse for Toys category with premium quality and smart features,4,762.39
53,35,Football,Books,Football for Books category with premium quality and smart features,3,443.73
179,63,Smartphone,Fashion,Smartphone for Fashion category with premium quality and smart features,5,801.32
182,21,Watch,Beauty,Watch for Beauty category with premium quality and smart features,1,556.73
24,29,Backpack,Fashion,Backpack for Fashion category with premium quality and smart features,1,651.23
40,64,Watch,Beauty,Watch for Beauty category with premium quality and smart features,3,421.34
124,61,Backpack,Home,Backpack for Home category with premium quality and smart features,5,153.2
49,77,Blender,Books,Blender for Books category with premium quality and smart features,1,283.48
107,44,Blender,Beauty,Blender for Beauty category with premium quality and smart features,1,290.01
77,76,Blender,Toys,Blender for Toys category with premium quality and smart features,2,452.08
124,45,Watch,Sports,Watch for Sports category with premium quality and smart features,5,383.44
83,25,Perfume,Home,Perfume for Home category with premium quality and smart features,4,241.23
199,53,Cookware,Electronics,Cookware for Electronics category with premium quality and smart features,4,708.18
98,50,Backpack,Books,Backpack for Books category with premium quality and smart features,1,134.98
152,43,Blender,Fashion,Blender for Fashion category with premium quality and smart features,4,108.71
117,2,Novel,Books,Novel for Books category with premium quality and smart features,2,84.08
68,44,Gaming Mouse,Groceries,Gaming Mouse for Groceries category with premium quality and smart features,1,853.25
173,69,Cookware,Groceries,Cookware for Groceries category with premium quality and smart features,4,873.66
10,80,T-Shirt,Fashion,T-Shirt for Fashion category with premium quality and smart features,3,997.45
192,12,Laptop,Groceries,Laptop for Groceries category with premium quality and smart features,1,449.24
178,39,Smartphone,Electronics,Smartphone for Electronics category with premium quality and smart features,3,798.18
76,46,Novel,Sports,Novel for Sports category with premium quality and smart features,2,251.76
106,73,Headphones,Books,Headphones for Books category with premium quality and smart features,2,88.18
98,80,Backpack,Home,Backpack for Home category with premium quality and smart features,5,151.69
119,33,Sneakers,Toys,Sneakers for Toys category with premium quality and smart features,1,899.92
120,37,Laptop,Books,Laptop for Books category with premium quality and smart features,4,945.78
151,39,Keyboard,Groceries,Keyboard for Groceries category with premium quality and smart features,3,462.27
78,26,Blender,Groceries,Blender for Groceries category with premium quality and smart features,4,115.59
98,74,Perfume,Sports,Perfume for Sports category with premium quality and smart features,3,992.77
76,3,Sneakers,Groceries,Sneakers for Groceries category with premium quality and smart features,1,570.27
176,7,Blender,Toys,Blender for Toys category with premium quality and smart features,3,777.98
59,78,T-Shirt,Sports,T-Shirt for Sports category with premium quality and smart features,2,624.68
174,18,Football,Fashion,Football for Fashion category with premium quality and smart features,1,315.84
113,5,Keyboard,Sports,Keyboard for Sports category with premium quality and smart features,2,99.23
76,42,Headphones,Groceries,Headphones for Groceries category with premium quality and smart features,2,140.84
139,47,Blender,Beauty,Blender for Beauty category with premium quality and smart features,2,264.4
124,38,Camera,Sports,Camera for Sports category with premium quality and smart features,1,473.65
20,19,Blender,Home,Blender for Home category with premium quality and smart features,4,967.6
143,47,Camera,Fashion,Camera for Fashion category with premium quality and smart features,4,23.78
138,16,Cookware,Toys,Cookware for Toys category with premium quality and smart features,3,588.71
164,48,Gaming Mouse,Fashion,Gaming Mouse for Fashion category with premium quality and smart features,2,476.76
159,72,Football,Sports,Football for Sports category with premium quality and smart features,5,229.15
17,60,Gaming Mouse,Beauty,Gaming Mouse for Beauty category with premium quality and smart features,4,125.51
12,5,Backpack,Beauty,Backpack for Beauty category with premium quality and smart features,1,106.22
138,18,Backpack,Groceries,Backpack for Groceries category with premium quality and smart features,3,673.78
191,70,Perfume,Groceries,Perfume for Groceries category with premium quality and smart features,2,886.56
168,13,Perfume,Toys,Perfume for Toys category with premium quality and smart features,4,939.66
72,5,T-Shirt,Sports,T-Shirt for Sports category with premium quality and smart features,4,450.25
61,47,Gaming Mouse,Fashion,Gaming Mouse for Fashion category with premium quality and smart features,3,549.02
166,46,Novel,Electronics,Novel for Electronics category with premium quality and smart features,3,197.91
32,59,Gaming Mouse,Fashion,Gaming Mouse for Fashion category with premium quality and smart features,2,645.29
153,3,Camera,Electronics,Camera for Electronics category with premium quality and smart features,3,251.13
33,73,Laptop,Home,Laptop for Home category with premium quality and smart features,5,215.09
56,30,Camera,Sports,Camera for Sports category with premium quality and smart features,2,790.76
153,1,Blender,Beauty,Blender for Beauty category with premium quality and smart features,2,987.65
139,33,Laptop,Books,Laptop for Books category with premium quality and smart features,1,140.49
92,31,Smartphone,Sports,Smartphone for Sports category with premium quality and smart features,2,272.71
33,54,Keyboard,Fashion,Keyboard for Fashion category with premium quality and smart features,1,481.48
200,47,Backpack,Fashion,Backpack for Fashion category with premium quality and smart features,5,229.33
158,6,Backpack,Beauty,Backpack for Beauty category with premium quality and smart features,1,70.22
123,52,Gaming Mouse,Groceries,Gaming Mouse for Groceries category with premium quality and smart features,1,495.37
114,10,Cookware,Fashion,Cookware for Fashion category with premium quality and smart features,5,156.85
33,36,Novel,Sports,Novel for Sports category with premium quality and smart features,5,535.25
117,65,Laptop,Groceries,Laptop for Groceries category with premium quality and smart features,1,854.26
167,71,Novel,Home,Novel for Home category with premium quality and smart features,4,889.21
106,44,Novel,Toys,Novel for Toys category with premium quality and smart features,4,732.32
81,55,Gaming Mouse,Sports,Gaming Mouse for Sports category with premium quality and smart features,3,380.56
40,61,Laptop,Fashion,Laptop for Fashion category with premium quality and smart features,1,102.3
25,48,Watch,Books,Watch for Books category with premium quality and smart features,1,590.6
144,72,Gaming Mouse,Sports,Gaming Mouse for Sports category with premium quality and smart features,1,416.7
171,55,Sneakers,Electronics,Sneakers for Electronics category with premium quality and smart features,5,319.32
27,74,Headphones,Home,Headphones for Home category with premium quality and smart features,4,232.0
28,45,Laptop,Sports,Laptop for Sports category with premium quality and smart features,3,578.36
110,72,Perfume,Electronics,Perfume for Electronics category with premium quality and smart features,3,38.66
70,40,Cookware,Sports,Cookware for Sports category with premium quality and smart features,1,189.59
37,73,Laptop,Groceries,Laptop for Groceries category with premium quality and smart features,2,743.56
8,12,Novel,Home,Novel for Home category with premium quality and smart features,4,459.11
41,48,Keyboard,Beauty,Keyboard for Beauty category with premium quality and smart features,3,779.07
146,77,Football,Fashion,Football for Fashion category with premium quality and smart features,1,164.02
194,80,Gaming Mouse,Electronics,Gaming Mouse for Electronics category with premium quality and smart features,1,279.38
170,55,Perfume,Toys,Perfume for Toys category with premium quality and smart features,4,420.04
56,66,Cookware,Fashion,Cookware for Fashion category with premium quality and smart features,4,119.78
174,76,Watch,Toys,Watch for Toys category with premium quality and smart features,3,54.96
102,77,Smartphone,Electronics,Smartphone for Electronics category with premium quality and smart features,2,308.41
55,18,Sneakers,Beauty,Sneakers for Beauty category with premium quality and smart features,3,128.78
128,56,Headphones,Books,Headphones for Books category with premium quality and smart features,4,537.26
59,65,Laptop,Sports,Laptop for Sports category with premium quality and smart features,4,863.15
11,56,Backpack,Electronics,Backpack for Electronics category with premium quality and smart features,1,863.49
148,55,Keyboard,Groceries,Keyboard for Groceries category with premium quality and smart features,4,296.62
104,3,Headphones,Sports,Headphones for Sports category with premium quality and smart features,5,465.5
177,47,Novel,Fashion,Novel for Fashion category with premium quality and smart features,1,250.88
151,52,Novel,Fashion,Novel for Fashion category with premium quality and smart features,3,748.35
57,43,Laptop,Books,Laptop for Books category with premium quality and smart features,5,636.89
136,66,Football,Home,Football for Home category with premium quality and smart features,3,357.59
166,19,Laptop,Home,Laptop for Home category with premium quality and smart features,2,263.41
45,78,Camera,Books,Camera for Books category with premium quality and smart features,1,185.37
198,64,Camera,Toys,Camera for Toys category with premium quality and smart features,5,762.28
115,73,Blender,Sports,Blender for Sports category with premium quality and smart features,3,159.45
18,61,Gaming Mouse,Toys,Gaming Mouse for Toys category with premium quality and smart features,3,798.37
152,8,Watch,Sports,Watch for Sports category with premium quality and smart features,1,317.3
116,5,Cookware,Electronics,Cookware for Electronics category with premium quality and smart features,3,85.96
24,79,Backpack,Groceries,Backpack for Groceries category with premium quality and smart features,5,558.77
190,6,Football,Toys,Football for Toys category with premium quality and smart features,5,655.32
83,78,Watch,Toys,Watch for Toys category with premium quality and smart features,2,958.15
116,14,Keyboard,Sports,Keyboard for Sports category with premium quality and smart features,1,509.5
45,6,Keyboard,Home,Keyboard for Home category with premium quality and smart features,4,991.08
135,67,Cookware,Books,Cookware for Books category with premium quality and smart features,3,918.76
100,53,Gaming Mouse,Sports,Gaming Mouse for Sports category with premium quality and smart features,5,61.84
162,43,Cookware,Fashion,Cookware for Fashion category with premium quality and smart features,1,562.38
99,37,Keyboard,Beauty,Keyboard for Beauty category with premium quality and smart features,5,874.55
86,11,Football,Books,Football for Books category with premium quality and smart features,3,317.13
168,51,Perfume,Books,Perfume for Books category with premium quality and smart features,1,316.49
97,43,Gaming Mouse,Books,Gaming Mouse for Books category with premium quality and smart features,5,102.52
172,55,Smartphone,Sports,Smartphone for Sports category with premium quality and smart features,3,315.78
55,44,T-Shirt,Toys,T-Shirt for Toys category with premium quality and smart features,2,999.98
40,10,Blender,Beauty,Blender for Beauty category with premium quality and smart features,1,512.61
139,68,Gaming Mouse,Electronics,Gaming Mouse for Electronics category with premium quality and smart features,3,877.63
159,17,Headphones,Groceries,Headphones for Groceries category with premium quality and smart features,2,189.04
178,80,Keyboard,Books,Keyboard for Books category with premium quality and smart features,4,53.26
94,31,Perfume,Toys,Perfume for Toys category with premium quality and smart features,3,754.87
115,30,Sneakers,Home,Sneakers for Home category with premium quality and smart features,4,904.93
50,48,Backpack,Toys,Backpack for Toys category with premium quality and smart features,3,780.34
129,68,Headphones,Groceries,Headphones for Groceries category with premium quality and smart features,2,803.25
36,33,Gaming Mouse,Electronics,Gaming Mouse for Electronics category with premium quality and smart features,4,875.38
142,14,Sneakers,Fashion,Sneakers for Fashion category with premium quality and smart features,1,765.49
70,58,Blender,Books,Blender for Books category with premium quality and smart features,4,100.8
57,58,Football,Sports,Football for Sports category with premium quality and smart features,1,420.75
102,65,T-Shirt,Sports,T-Shirt for Sports category with premium quality and smart features,4,994.58
96,29,Cookware,Electronics,Cookware for Electronics category with premium quality and smart features,1,840.78
167,43,Headphones,Books,Headphones for Books category with premium quality and smart features,1,294.01
121,18,Backpack,Toys,Backpack for Toys category with premium quality and smart features,5,15.2
21,3,T-Shirt,Beauty,T-Shirt for Beauty category with premium quality and smart features,2,553.32
187,78,Laptop,Groceries,Laptop for Groceries category with premium quality and smart features,3,245.26
32,7,Novel,Home,Novel for Home category with premium quality and smart features,5,462.54
29,64,Gaming Mouse,Electronics,Gaming Mouse for Electronics category with premium quality and smart features,5,579.3
184,19,Novel,Beauty,Novel for Beauty category with premium quality and smart features,1,618.66
62,74,Headphones,Groceries,Headphones for Groceries category with premium quality and smart features,1,528.25
93,9,Novel,Electronics,Novel for Electronics category with premium quality and smart features,4,53.1
100,48,Keyboard,Beauty,Keyboard for Beauty category with premium quality and smart features,1,363.52
18,45,Keyboard,Home,Keyboard for Home category with premium quality and smart features,1,773.79
189,43,Smartphone,Books,Smartphone for Books category with premium quality and smart features,3,550.55
165,23,Keyboard,Toys,Keyboard for Toys category with premium quality and smart features,4,635.42
35,9,Smartphone,Toys,Smartphone for Toys category with premium quality and smart features,3,209.58
52,6,Football,Sports,Football for Sports category with premium quality and smart features,3,520.23
140,61,Smartphone,Beauty,Smartphone for Beauty category with premium quality and smart features,2,293.25
200,7,Sneakers,Sports,Sneakers for Sports category with premium quality and smart features,1,801.35
112,52,Football,Toys,Football for Toys category with premium quality and smart features,4,345.65
48,64,Cookware,Toys,Cookware for Toys category with premium quality and smart features,5,274.05
22,55,Novel,Fashion,Novel for Fashion category with premium quality and smart features,5,995.15
47,70,Cookware,Beauty,Cookware for Beauty category with premium quality and smart features,1,89.27
170,38,Backpack,Beauty,Backpack for Beauty category with premium quality and smart features,5,720.49
43,57,Backpack,Sports,Backpack for Sports category with premium quality and smart features,1,729.55
91,79,Sneakers,Groceries,Sneakers for Groceries category with premium quality and smart features,1,84.29
164,52,Watch,Sports,Watch for Sports category with premium quality and smart features,2,953.26
37,78,Smartphone,Toys,Smartphone for Toys category with premium quality and smart features,2,76.56
200,47,Novel,Sports,Novel for Sports category with premium quality and smart features,5,42.06
40,58,Cookware,Sports,Cookware for Sports category with premium quality and smart features,4,765.45
147,18,Novel,Sports,Novel for Sports category with premium quality and smart features,3,653.07
64,15,Keyboard,Electronics,Keyboard for Electronics category with premium quality and smart features,2,504.05
100,72,Sneakers,Fashion,Sneakers for Fashion category with premium quality and smart features,3,707.0
55,79,Keyboard,Beauty,Keyboard for Beauty category with premium quality and smart features,4,208.18
35,10,Headphones,Toys,Headphones for Toys category with premium quality and smart features,4,997.29
175,41,Keyboard,Sports,Keyboard for Sports category with premium quality and smart features,1,554.5
75,39,Keyboard,Books,Keyboard for Books category with premium quality and smart features,2,795.76
131,29,T-Shirt,Fashion,T-Shirt for Fashion category with premium quality and smart features,2,244.37
127,4,Watch,Sports,Watch for Sports category with premium quality and smart features,5,375.22
142,17,Laptop,Fashion,Laptop for Fashion category with premium quality and smart features,3,404.18
184,62,Camera,Groceries,Camera for Groceries category with premium quality and smart features,4,825.11
19,17,Gaming Mouse,Sports,Gaming Mouse for Sports category with premium quality and smart features,1,455.47
175,67,Headphones,Sports,Headphones for Sports category with premium quality and smart features,5,643.4
47,17,Watch,Groceries,Watch for Groceries category with premium quality and smart features,1,833.08
133,20,Headphones,Beauty,Headphones for Beauty category with premium quality and smart features,2,329.43
182,29,Watch,Sports,Watch for Sports category with premium quality and smart features,3,847.47
65,26,Headphones,Beauty,Headphones for Beauty category with premium quality and smart features,3,618.28
24,65,Perfume,Books,Perfume for Books category with premium quality and smart features,5,162.65
169,80,Blender,Sports,Blender for Sports category with premium quality and smart features,5,50.78
8,11,Gaming Mouse,Electronics,Gaming Mouse for Electronics category with premium quality and smart features,5,272.01
54,74,Perfume,Groceries,Perfume for Groceries category with premium quality and smart features,1,503.06
161,70,Gaming Mouse,Beauty,Gaming Mouse for Beauty category with premium quality and smart features,3,488.12
176,52,Backpack,Beauty,Backpack for Beauty category with premium quality and smart features,1,691.73
41,57,Backpack,Groceries,Backpack for Groceries category with premium quality and smart features,4,211.98
156,19,Blender,Sports,Blender for Sports category with premium quality and smart features,3,736.86
89,52,Camera,Books,Camera for Books category with premium quality and smart features,3,519.83
28,41,Backpack,Home,Backpack for Home category with premium quality and smart features,1,274.8
64,19,Smartphone,Fashion,Smartphone for Fashion category with premium quality and smart features,3,945.93
158,54,Blender,Home,Blender for Home category with premium quality and smart features,2,815.34
148,41,Camera,Home,Camera for Home category with premium quality and smart features,2,503.28
132,60,Football,Toys,Football for Toys category with premium quality and smart features,3,502.4
24,51,T-Shirt,Toys,T-Shirt for Toys category with premium quality and smart features,2,587.51
13,7,Backpack,Beauty,Backpack for Beauty category with premium quality and smart features,5,883.52
168,61,Watch,Beauty,Watch for Beauty category with premium quality and smart features,1,848.7
111,18,Keyboard,Beauty,Keyboard for Beauty category with premium quality and smart features,3,766.22
94,6,Smartphone,Groceries,Smartphone for Groceries category with premium quality and smart features,5,566.2
93,71,Laptop,Beauty,Laptop for Beauty category with premium quality and smart features,4,509.21
196,71,Blender,Beauty,Blender for Beauty category with premium quality and smart features,5,683.59
31,17,Novel,Fashion,Novel for Fashion category with premium quality and smart features,3,796.95
87,72,Camera,Sports,Camera for Sports category with premium quality and smart features,2,207.07
131,52,Smartphone,Electronics,Smartphone for Electronics category with premium quality and smart features,1,145.67
86,61,Headphones,Toys,Headphones for Toys category with premium quality and smart features,5,894.2
36,42,Headphones,Sports,Headphones for Sports category with premium quality and smart features,4,990.71
190,39,Watch,Sports,Watch for Sports category with premium quality and smart features,5,537.02
182,73,Backpack,Beauty,Backpack for Beauty category with premium quality and smart features,1,374.67
173,15,Perfume,Groceries,Perfume for Groceries category with premium quality and smart features,3,798.79
186,4,Sneakers,Toys,Sneakers for Toys category with premium quality and smart features,5,581.86
185,7,Headphones,Toys,Headphones for Toys category with premium quality and smart features,5,632.73
159,49,Blender,Books,Blender for Books category with premium quality and smart features,2,41.25
180,15,Smartphone,Home,Smartphone for Home category with premium quality and smart features,4,320.56
39,53,Novel,Home,Novel for Home category with premium quality and smart features,5,777.22
121,8,Watch,Books,Watch for Books category with premium quality and smart features,2,565.28
170,62,Cookware,Groceries,Cookware for Groceries category with premium quality and smart features,2,465.07
137,44,Gaming Mouse,Sports,Gaming Mouse for Sports category with premium quality and smart features,3,613.98
50,32,Watch,Beauty,Watch for Beauty category with premium quality and smart features,3,232.62
77,37,Keyboard,Home,Keyboard for Home category with premium quality and smart features,4,323.87
90,72,Sneakers,Beauty,Sneakers for Beauty category with premium quality and smart features,1,577.74
140,49,Blender,Groceries,Blender for Groceries category with premium quality and smart features,3,955.06
38,38,Sneakers,Electronics,Sneakers for Electronics category with premium quality and smart features,1,352.9
114,33,T-Shirt,Toys,T-Shirt for Toys category with premium quality and smart features,2,829.67
70,72,Headphones,Beauty,Headphones for Beauty category with premium quality and smart features,1,619.52
151,31,Smartphone,Home,Smartphone for Home category with premium quality and smart features,5,233.41
60,7,Novel,Fashion,Novel for Fashion category with premium quality and smart features,3,720.18
26,18,Watch,Electronics,Watch for Electronics category with premium quality and smart features,2,412.84
122,62,Camera,Home,Camera for Home category with premium quality and smart features,3,327.96
166,8,Gaming Mouse,Fashion,Gaming Mouse for Fashion category with premium quality and smart features,5,239.9
190,5,Novel,Books,Novel for Books category with premium quality and smart features,2,934.58
10,51,Headphones,Toys,Headphones for Toys category with premium quality and smart features,3,877.98
3,39,Football,Fashion,Football for Fashion category with premium quality and smart features,3,291.72
165,70,Football,Toys,Football for Toys category with premium quality and smart features,2,852.55
120,35,Camera,Home,Camera for Home category with premium quality and smart features,1,337.38
188,59,Keyboard,Beauty,Keyboard for Beauty category with premium quality and smart features,2,23.94
87,38,Headphones,Home,Headphones for Home category with premium quality and smart features,5,857.59
104,55,Laptop,Sports,Laptop for Sports category with premium quality and smart features,4,672.56
48,18,Cookware,Toys,Cookware for Toys category with premium quality and smart features,2,16.76
99,31,Camera,Toys,Camera for Toys category with premium quality and smart features,3,954.49
78,75,Sneakers,Electronics,Sneakers for Electronics category with premium quality and smart features,3,695.84
16,16,Sneakers,Toys,Sneakers for Toys category with premium quality and smart features,2,411.36
129,40,Gaming Mouse,Fashion,Gaming Mouse for Fashion category with premium quality and smart features,3,373.87
57,29,Backpack,Books,Backpack for Books category with premium quality and smart features,2,460.43
156,48,Keyboard,Groceries,Keyboard for Groceries category with premium quality and smart features,5,913.67
194,69,Camera,Home,Camera for Home category with premium quality and smart features,2,683.54
153,11,Watch,Toys,Watch for Toys category with premium quality and smart features,3,87.32
145,15,Blender,Electronics,Blender for Electronics category with premium quality and smart features,5,903.86
52,74,Headphones,Books,Headphones for Books category with premium quality and smart features,3,855.94
114,15,Keyboard,Home,Keyboard for Home category with premium quality and smart features,5,493.94
131,58,Backpack,Electronics,Backpack for Electronics category with premium quality and smart features,2,518.12
117,73,Watch,Electronics,Watch for Electronics category with premium quality and smart features,4,676.04
79,3,Sneakers,Groceries,Sneakers for Groceries category with premium quality and smart features,1,748.35
149,10,Novel,Electronics,Novel for Electronics category with premium quality and smart features,3,703.38
139,8,Football,Fashion,Football for Fashion category with premium quality and smart features,4,41.42
105,24,Camera,Books,Camera for Books category with premium quality and smart features,4,380.72
98,58,Novel,Groceries,Novel for Groceries category with premium quality and smart features,1,685.9
170,70,Gaming Mouse,Books,Gaming Mouse for Books category with premium quality and smart features,3,127.45
138,51,Keyboard,Books,Keyboard for Books category with premium quality and smart features,2,836.47
194,3,Backpack,Beauty,Backpack for Beauty category with premium quality and smart features,5,429.89
98,30,Backpack,Home,Backpack for Home category with premium quality and smart features,3,163.57
49,15,Camera,Electronics,Camera for Electronics category with premium quality and smart features,4,618.77
5,31,Laptop,Home,Laptop for Home category with premium quality and smart features,1,598.0
115,77,T-Shirt,Electronics,T-Shirt for Electronics category with premium quality and smart features,1,408.24
60,70,Camera,Home,Camera for Home category with premium quality and smart features,1,148.73
75,30,Perfume,Sports,Perfume for Sports category with premium quality and smart features,5,774.81
83,31,Football,Beauty,Football for Beauty category with premium quality and smart features,2,985.84
134,29,Sneakers,Groceries,Sneakers for Groceries category with premium quality and smart features,3,70.35
152,23,Watch,Groceries,Watch for Groceries category with premium quality and smart features,4,56.42
89,49,Keyboard,Sports,Keyboard for Sports category with premium quality and smart features,4,414.18
77,49,Camera,Books,Camera for Books category with premium quality and smart features,5,478.78
58,39,Camera,Books,Camera for Books category with premium quality and smart features,4,915.59
144,53,Watch,Groceries,Watch for Groceries category with premium quality and smart features,5,142.75
63,33,Cookware,Home,Cookware for Home category with premium quality and smart features,1,923.0
95,12,Smartphone,Home,Smartphone for Home category with premium quality and smart features,3,383.4
155,78,Blender,Electronics,Blender for Electronics category with premium quality and smart features,1,196.28
195,76,Backpack,Home,Backpack for Home category with premium quality and smart features,2,870.78
86,39,T-Shirt,Electronics,T-Shirt for Electronics category with premium quality and smart features,2,962.46
31,62,Keyboard,Home,Keyboard for Home category with premium quality and smart features,5,706.73
102,31,Camera,Sports,Camera for Sports category with premium quality and smart features,3,386.86
137,46,Sneakers,Beauty,Sneakers for Beauty category with premium quality and smart features,3,517.69
128,60,Camera,Fashion,Camera for Fashion category with premium quality and smart features,4,764.01
82,27,Cookware,Sports,Cookware for Sports category with premium quality and smart features,4,55.26
57,19,Sneakers,Electronics,Sneakers for Electronics category with premium quality and smart features,5,935.41
149,54,Headphones,Beauty,Headphones for Beauty category with premium quality and smart features,2,336.57
98,73,Backpack,Home,Backpack for Home category with premium quality and smart features,5,658.06
176,44,Camera,Beauty,Camera for Beauty category with premium quality and smart features,4,966.84
165,63,Headphones,Toys,Headphones for Toys category with premium quality and smart features,3,177.57
185,70,Headphones,Toys,Headphones for Toys category with premium quality and smart features,5,990.42
16,68,Blender,Electronics,Blender for Electronics category with premium quality and smart features,1,945.74
172,7,Novel,Electronics,Novel for Electronics category with premium quality and smart features,2,844.12
60,9,Smartphone,Books,Smartphone for Books category with premium quality and smart features,2,510.68
96,8,Gaming Mouse,Toys,Gaming Mouse for Toys category with premium quality and smart features,4,25.57
137,71,Smartphone,Groceries,Smartphone for Groceries category with premium quality and smart features,1,534.12
71,69,Smartphone,Beauty,Smartphone for Beauty category with premium quality and smart features,5,815.03
173,56,Laptop,Books,Laptop for Books category with premium quality and smart features,1,529.14
62,25,Blender,Beauty,Blender for Beauty category with premium quality and smart features,3,274.65
102,11,Novel,Sports,Novel for Sports category with premium quality and smart features,4,569.35
179,29,Gaming Mouse,Beauty,Gaming Mouse for Beauty category with premium quality and smart features,1,657.2
167,5,Novel,Fashion,Novel for Fashion category with premium quality and smart features,4,383.4
122,8,Keyboard,Electronics,Keyboard for Electronics category with premium quality and smart features,2,91.86
112,43,Football,Fashion,Football for Fashion category with premium quality and smart features,5,919.96
59,28,Sneakers,Toys,Sneakers for Toys category with premium quality and smart features,1,924.92
176,36,Headphones,Electronics,Headphones for Electronics category with premium quality and smart features,3,25.5
54,76,Camera,Books,Camera for Books category with premium quality and smart features,4,929.59
77,21,Perfume,Home,Perfume for Home category with premium quality and smart features,4,680.26
139,43,Camera,Groceries,Camera for Groceries category with premium quality and smart features,2,792.59
177,11,Smartphone,Sports,Smartphone for Sports category with premium quality and smart features,1,442.72
20,44,Camera,Groceries,Camera for Groceries category with premium quality and smart features,3,39.33
70,58,T-Shirt,Toys,T-Shirt for Toys category with premium quality and smart features,3,557.51
97,56,Gaming Mouse,Books,Gaming Mouse for Books category with premium quality and smart features,5,664.07
22,80,Camera,Beauty,Camera for Beauty category with premium quality and smart features,2,715.98
22,35,Novel,Books,Novel for Books category with premium quality and smart features,2,742.26
82,47,Laptop,Fashion,Laptop for Fashion category with premium quality and smart features,1,943.53
114,47,Laptop,Beauty,Laptop for Beauty category with premium quality and smart features,2,96.42
111,58,Laptop,Groceries,Laptop for Groceries category with premium quality and smart features,1,98.72
142,12,Blender,Sports,Blender for Sports category with premium quality and smart features,4,22.22
106,50,Keyboard,Fashion,Keyboard for Fashion category with premium quality and smart features,5,906.16
63,74,Gaming Mouse,Books,Gaming Mouse for Books category with premium quality and smart features,4,177.81
69,39,Backpack,Beauty,Backpack for Beauty category with premium quality and smart features,2,72.63
112,36,Sneakers,Groceries,Sneakers for Groceries category with premium quality and smart features,4,784.84
93,33,Keyboard,Home,Keyboard for Home category with premium quality and smart features,4,597.87
51,59,Headphones,Fashion,Headphones for Fashion category with premium quality and smart features,3,16.7
102,43,Camera,Groceries,Camera for Groceries category with premium quality and smart features,3,445.82
111,77,Sneakers,Books,Sneakers for Books category with premium quality and smart features,3,607.18
178,26,Cookware,Toys,Cookware for Toys category with premium quality and smart features,2,964.93
82,38,Perfume,Toys,Perfume for Toys category with premium quality and smart features,2,332.63
72,51,Laptop,Sports,Laptop for Sports category with premium quality and smart features,5,207.8
140,24,Keyboard,Electronics,Keyboard for Electronics category with premium quality and smart features,4,943.55
54,57,Blender,Beauty,Blender for Beauty category with premium quality and smart features,1,820.78
105,64,Gaming Mouse,Books,Gaming Mouse for Books category with premium quality and smart features,3,249.6
169,20,Camera,Groceries,Camera for Groceries category with premium quality and smart features,4,83.23
154,62,Watch,Groceries,Watch for Groceries category with premium quality and smart features,5,924.26
178,54,Camera,Electronics,Camera for Electronics category with premium quality and smart features,3,704.62
138,77,Laptop,Fashion,Laptop for Fashion category with premium quality and smart features,2,661.03
91,22,Perfume,Electronics,Perfume for Electronics category with premium quality and smart features,4,967.14
85,56,Smartphone,Fashion,Smartphone for Fashion category with premium quality and smart features,1,266.15
131,67,Backpack,Home,Backpack for Home category with premium quality and smart features,3,397.22
198,76,Cookware,Books,Cookware for Books category with premium quality and smart features,1,487.94
76,54,Laptop,Fashion,Laptop for Fashion category with premium quality and smart features,2,354.85
88,59,Watch,Home,Watch for Home category with premium quality and smart features,4,354.82
25,57,Cookware,Toys,Cookware for Toys category with premium quality and smart features,1,307.26
182,15,Blender,Electronics,Blender for Electronics category with premium quality and smart features,3,651.49
174,22,Watch,Home,Watch for Home category with premium quality and smart features,2,556.39
85,72,Backpack,Groceries,Backpack for Groceries category with premium quality and smart features,2,799.78
162,24,Gaming Mouse,Books,Gaming Mouse for Books category with premium quality and smart features,4,401.63
189,79,Backpack,Home,Backpack for Home category with premium quality and smart features,5,435.26
2,28,Sneakers,Home,Sneakers for Home category with premium quality and smart features,1,581.57
138,24,Cookware,Sports,Cookware for Sports category with premium quality and smart features,2,462.97
68,63,Perfume,Sports,Perfume for Sports category with premium quality and smart features,4,615.2
151,15,Cookware,Sports,Cookware for Sports category with premium quality and smart features,4,621.19
173,39,Gaming Mouse,Fashion,Gaming Mouse for Fashion category with premium quality and smart features,2,320.05
62,40,Headphones,Fashion,Headphones for Fashion category with premium quality and smart features,3,696.5
131,50,Perfume,Groceries,Perfume for Groceries category with premium quality and smart features,2,579.06
109,24,Gaming Mouse,Toys,Gaming Mouse for Toys category with premium quality and smart features,5,696.5
166,23,Backpack,Books,Backpack for Books category with premium quality and smart features,3,148.89
81,58,Blender,Electronics,Blender for Electronics category with premium quality and smart features,3,952.32
125,18,Blender,Home,Blender for Home category with premium quality and smart features,4,964.19
130,64,Gaming Mouse,Groceries,Gaming Mouse for Groceries category with premium quality and smart features,4,421.47
114,63,Laptop,Books,Laptop for Books category with premium quality and smart features,5,40.55
195,29,Smartphone,Beauty,Smartphone for Beauty category with premium quality and smart features,3,232.59
74,22,Perfume,Toys,Perfume for Toys category with premium quality and smart features,4,554.23
29,74,Sneakers,Fashion,Sneakers for Fashion category with premium quality and smart features,5,825.05
94,70,Camera,Electronics,Camera for Electronics category with premium quality and smart features,4,550.89
109,14,Sneakers,Home,Sneakers for Home category with premium quality and smart features,1,455.24
90,12,Blender,Toys,Blender for Toys category with premium quality and smart features,1,777.88
61,27,Blender,Sports,Blender for Sports category with premium quality and smart features,5,636.44
43,79,Camera,Books,Camera for Books category with premium quality and smart features,2,815.39
16,73,Watch,Sports,Watch for Sports category with premium quality and smart features,3,600.89
44,42,Sneakers,Beauty,Sneakers for Beauty category with premium quality and smart features,5,274.67
132,13,Camera,Books,Camera for Books category with premium quality and smart features,4,919.58
71,17,T-Shirt,Books,T-Shirt for Books category with premium quality and smart features,2,714.28
64,51,Headphones,Toys,Headphones for Toys category with premium quality and smart features,5,636.08
161,54,Backpack,Groceries,Backpack for Groceries category with premium quality and smart features,1,637.29
197,12,Watch,Groceries,Watch for Groceries category with premium quality and smart features,3,697.76
95,59,Cookware,Toys,Cookware for Toys category with premium quality and smart features,5,12.45
199,12,Gaming Mouse,Toys,Gaming Mouse for Toys category with premium quality and smart features,3,851.61
137,51,Novel,Home,Novel for Home category with premium quality and smart features,2,499.77
83,37,Watch,Sports,Watch for Sports category with premium quality and smart features,5,139.29
125,44,Smartphone,Electronics,Smartphone for Electronics category with premium quality and smart features,1,629.92
118,3,Football,Fashion,Football for Fashion category with premium quality and smart features,2,446.87
1,55,Keyboard,Home,Keyboard for Home category with premium quality and smart features,2,883.33
78,21,Laptop,Beauty,Laptop for Beauty category with premium quality and smart features,3,257.89
96,22,Novel,Electronics,Novel for Electronics category with premium quality and smart features,3,728.73
194,30,Gaming Mouse,Groceries,Gaming Mouse for Groceries category with premium quality and smart features,1,706.66
1,28,Laptop,Toys,Laptop for Toys category with premium quality and smart features,2,597.74
133,57,Smartphone,Electronics,Smartphone for Electronics category with premium quality and smart features,3,818.94
109,17,Laptop,Toys,Laptop for Toys category with premium quality and smart features,2,389.24
188,14,Cookware,Fashion,Cookware for Fashion category with premium quality and smart features,3,882.18
36,49,Gaming Mouse,Books,Gaming Mouse for Books category with premium quality and smart features,2,77.73
145,2,Backpack,Books,Backpack for Books category with premium quality and smart features,3,725.21
161,20,Perfume,Groceries,Perfume for Groceries category with premium quality and smart features,4,861.36
23,13,Camera,Books,Camera for Books category with premium quality and smart features,1,593.68
99,45,Cookware,Groceries,Cookware for Groceries category with premium quality and smart features,2,255.31
166,11,Watch,Home,Watch for Home category with premium quality and smart features,5,604.01
156,37,Blender,Electronics,Blender for Electronics category with premium quality and smart features,3,213.39
156,66,Keyboard,Home,Keyboard for Home category with premium quality and smart features,4,302.59
14,31,Novel,Toys,Novel for Toys category with premium quality and smart features,1,248.67
164,77,Watch,Fashion,Watch for Fashion category with premium quality and smart features,1,987.01
82,17,Blender,Groceries,Blender for Groceries category with premium quality and smart features,5,426.65
140,23,Camera,Toys,Camera for Toys category with premium quality and smart features,1,26.52
18,2,T-Shirt,Beauty,T-Shirt for Beauty category with premium quality and smart features,1,923.35
102,65,Gaming Mouse,Beauty,Gaming Mouse for Beauty category with premium quality and smart features,5,769.44
109,52,Gaming Mouse,Fashion,Gaming Mouse for Fashion category with premium quality and smart features,5,542.28
40,36,Sneakers,Fashion,Sneakers for Fashion category with premium quality and smart features,1,516.19
53,20,Novel,Sports,Novel for Sports category with premium quality and smart features,5,637.95
167,9,Keyboard,Beauty,Keyboard for Beauty category with premium quality and smart features,4,732.66
62,8,Laptop,Home,Laptop for Home category with premium quality and smart features,4,124.83
157,78,Sneakers,Electronics,Sneakers for Electronics category with premium quality and smart features,2,128.25
182,18,Headphones,Electronics,Headphones for Electronics category with premium quality and smart features,4,953.49
134,67,Headphones,Beauty,Headphones for Beauty category with premium quality and smart features,3,135.66
200,35,Camera,Fashion,Camera for Fashion category with premium quality and smart features,1,341.66
110,35,Sneakers,Fashion,Sneakers for Fashion category with premium quality and smart features,5,631.26
128,59,Smartphone,Sports,Smartphone for Sports category with premium quality and smart features,4,860.77
43,48,Sneakers,Books,Sneakers for Books category with premium quality and smart features,1,895.33
173,15,Keyboard,Home,Keyboard for Home category with premium quality and smart features,5,12.54
4,32,Backpack,Electronics,Backpack for Electronics category with premium quality and smart features,3,389.15
39,23,Watch,Electronics,Watch for Electronics category with premium quality and smart features,4,232.27
64,54,Sneakers,Sports,Sneakers for Sports category with premium quality and smart features,1,575.82
31,65,Headphones,Electronics,Headphones for Electronics category with premium quality and smart features,2,806.29
12,52,Football,Fashion,Football for Fashion category with premium quality and smart features,4,867.37
199,40,Laptop,Sports,Laptop for Sports category with premium quality and smart features,5,462.18
95,26,Perfume,Beauty,Perfume for Beauty category with premium quality and smart features,3,742.18
63,60,Perfume,Sports,Perfume for Sports category with premium quality and smart features,4,997.81
199,26,Headphones,Home,Headphones for Home category with premium quality and smart features,1,933.07
7,30,Gaming Mouse,Sports,Gaming Mouse for Sports category with premium quality and smart features,1,951.48
1,49,Laptop,Beauty,Laptop for Beauty category with premium quality and smart features,2,534.52
61,54,Smartphone,Toys,Smartphone for Toys category with premium quality and smart features,2,714.54
24,6,Football,Home,Football for Home category with premium quality and smart features,5,418.93
96,59,Perfume,Fashion,Perfume for Fashion category with premium quality and smart features,1,510.37
164,51,Perfume,Fashion,Perfume for Fashion category with premium quality and smart features,5,71.66
170,17,Sneakers,Home,Sneakers for Home category with premium quality and smart features,3,852.4
101,42,Backpack,Sports,Backpack for Sports category with premium quality and smart features,3,241.28
52,18,Headphones,Fashion,Headphones for Fashion category with premium quality and smart features,1,172.73
120,41,Laptop,Groceries,Laptop for Groceries category with premium quality and smart features,5,364.7
198,27,Sneakers,Toys,Sneakers for Toys category with premium quality and smart features,4,272.36
31,12,Camera,Books,Camera for Books category with premium quality and smart features,3,828.12
179,78,T-Shirt,Electronics,T-Shirt for Electronics category with premium quality and smart features,3,156.84
183,32,Novel,Sports,Novel for Sports category with premium quality and smart features,5,58.46
77,34,Smartphone,Books,Smartphone for Books category with premium quality and smart features,4,856.06
143,71,Laptop,Home,Laptop for Home category with premium quality and smart features,4,110.89
36,16,Smartphone,Electronics,Smartphone for Electronics category with premium quality and smart features,2,139.41
103,48,Perfume,Fashion,Perfume for Fashion category with premium quality and smart features,5,266.23
20,3,T-Shirt,Fashion,T-Shirt for Fashion category with premium quality and smart features,4,811.21
24,43,Smartphone,Fashion,Smartphone for Fashion category with premium quality and smart features,4,60.13
147,56,Backpack,Groceries,Backpack for Groceries category with premium quality and smart features,1,388.9
110,23,T-Shirt,Sports,T-Shirt for Sports category with premium quality and smart features,2,282.23
115,20,Perfume,Electronics,Perfume for Electronics category with premium quality and smart features,5,620.81
166,38,Novel,Toys,Novel for Toys category with premium quality and smart features,5,484.24
23,36,Headphones,Groceries,Headphones for Groceries category with premium quality and smart features,4,207.46
135,32,Novel,Electronics,Novel for Electronics category with premium quality and smart features,3,484.89
125,45,Novel,Sports,Novel for Sports category with premium quality and smart features,3,188.02
82,77,Smartphone,Home,Smartphone for Home category with premium quality and smart features,3,68.01
121,68,Camera,Sports,Camera for Sports category with premium quality and smart features,5,999.61
41,13,Gaming Mouse,Home,Gaming Mouse for Home category with premium quality and smart features,2,273.86
189,8,Perfume,Home,Perfume for Home category with premium quality and smart features,4,361.26
45,23,Perfume,Home,Perfume for Home category with premium quality and smart features,3,808.15
179,46,Keyboard,Electronics,Keyboard for Electronics category with premium quality and smart features,3,948.08
145,19,Blender,Home,Blender for Home category with premium quality and smart features,4,546.7
45,63,Laptop,Electronics,Laptop for Electronics category with premium quality and smart features,1,240.3
57,3,Smartphone,Toys,Smartphone for Toys category with premium quality and smart features,3,918.72
52,17,Keyboard,Sports,Keyboard for Sports category with premium quality and smart features,2,919.59
83,8,Headphones,Electronics,Headphones for Electronics category with premium quality and smart features,5,707.65
37,15,Laptop,Sports,Laptop for Sports category with premium quality and smart features,3,707.49
170,51,Cookware,Fashion,Cookware for Fashion category with premium quality and smart features,3,329.38
41,56,Gaming Mouse,Toys,Gaming Mouse for Toys category with premium quality and smart features,3,182.46
144,79,T-Shirt,Sports,T-Shirt for Sports category with premium quality and smart features,5,816.31
97,40,Headphones,Beauty,Headphones for Beauty category with premium quality and smart features,2,731.54
180,74,Blender,Groceries,Blender for Groceries category with premium quality and smart features,5,42.06
155,41,Gaming Mouse,Home,Gaming Mouse for Home category with premium quality and smart features,5,113.07
128,19,Keyboard,Sports,Keyboard for Sports category with premium quality and smart features,1,245.62
82,22,Blender,Fashion,Blender for Fashion category with premium quality and smart features,3,452.16
68,27,Keyboard,Home,Keyboard for Home category with premium quality and smart features,1,356.98
28,1,Novel,Electronics,Novel for Electronics category with premium quality and smart features,4,735.26
43,53,Football,Toys,Football for Toys category with premium quality and smart features,4,357.72
97,13,Camera,Toys,Camera for Toys category with premium quality and smart features,5,654.46
176,29,Backpack,Books,Backpack for Books category with premium quality and smart features,1,801.2
9,38,Cookware,Electronics,Cookware for Electronics category with premium quality and smart features,3,952.15
19,44,Football,Books,Football for Books category with premium quality and smart features,4,169.3
20,71,Cookware,Fashion,Cookware for Fashion category with premium quality and smart features,5,985.42
124,4,Gaming Mouse,Groceries,Gaming Mouse for Groceries category with premium quality and smart features,2,611.24
112,21,Laptop,Electronics,Laptop for Electronics category with premium quality and smart features,3,213.49
49,53,Gaming Mouse,Beauty,Gaming Mouse for Beauty category with premium quality and smart features,3,304.43
25,7,Perfume,Groceries,Perfume for Groceries category with premium quality and smart features,5,841.46
40,7,Smartphone,Sports,Smartphone for Sports category with premium quality and smart features,4,96.75
170,77,T-Shirt,Toys,T-Shirt for Toys category with premium quality and smart features,1,35.48
44,38,Backpack,Fashion,Backpack for Fashion category with premium quality and smart features,1,315.27
102,61,Football,Toys,Football for Toys category with premium quality and smart features,3,100.23
140,50,Cookware,Books,Cookware for Books category with premium quality and smart features,4,375.71
115,6,Backpack,Beauty,Backpack for Beauty category with premium quality and smart features,4,270.77
69,73,Headphones,Electronics,Headphones for Electronics category with premium quality and smart features,1,94.85
89,70,Camera,Groceries,Camera for Groceries category with premium quality and smart features,5,235.24
16,50,Watch,Groceries,Watch for Groceries category with premium quality and smart features,4,576.99
61,61,Laptop,Beauty,Laptop for Beauty category with premium quality and smart features,4,903.75
183,5,Laptop,Books,Laptop for Books category with premium quality and smart features,4,181.15
43,28,Headphones,Home,Headphones for Home category with premium quality and smart features,1,429.14
175,56,Blender,Home,Blender for Home category with premium quality and smart features,2,835.77
67,41,Laptop,Fashion,Laptop for Fashion category with premium quality and smart features,4,560.8
142,42,Watch,Beauty,Watch for Beauty category with premium quality and smart features,4,917.99
4,80,Laptop,Groceries,Laptop for Groceries category with premium quality and smart features,4,158.15
146,76,Football,Fashion,Football for Fashion category with premium quality and smart features,1,567.06
26,37,Football,Sports,Football for Sports category with premium quality and smart features,4,271.5
168,63,Smartphone,Toys,Smartphone for Toys category with premium quality and smart features,2,282.66
37,80,Smartphone,Groceries,Smartphone for Groceries category with premium quality and smart features,4,890.68
85,31,Keyboard,Electronics,Keyboard for Electronics category with premium quality and smart features,4,921.63
96,3,Blender,Sports,Blender for Sports category with premium quality and smart features,3,317.84
126,13,Headphones,Home,Headphones for Home category with premium quality and smart features,3,974.48
114,42,Keyboard,Beauty,Keyboard for Beauty category with premium quality and smart features,4,608.93
23,25,T-Shirt,Toys,T-Shirt for Toys category with premium quality and smart features,4,743.54
195,67,Blender,Sports,Blender for Sports category with premium quality and smart features,1,520.12
41,9,Keyboard,Beauty,Keyboard for Beauty category with premium quality and smart features,5,409.35
200,68,Headphones,Electronics,Headphones for Electronics category with premium quality and smart features,2,876.43
52,8,Smartphone,Home,Smartphone for Home category with premium quality and smart features,4,60.05
93,26,Cookware,Beauty,Cookware for Beauty category with premium quality and smart features,4,510.08
163,16,T-Shirt,Electronics,T-Shirt for Electronics category with premium quality and smart features,3,493.9
115,23,Perfume,Toys,Perfume for Toys category with premium quality and smart features,5,356.26
42,34,Sneakers,Fashion,Sneakers for Fashion category with premium quality and smart features,1,392.7
42,74,Blender,Home,Blender for Home category with premium quality and smart features,2,650.91
174,27,Gaming Mouse,Beauty,Gaming Mouse for Beauty category with premium quality and smart features,4,518.15
200,2,Football,Toys,Football for Toys category with premium quality and smart features,2,650.9
154,2,Sneakers,Home,Sneakers for Home category with premium quality and smart features,5,807.03
79,36,Football,Groceries,Football for Groceries category with premium quality and smart features,4,853.07
118,33,Backpack,Home,Backpack for Home category with premium quality and smart features,3,680.42
160,51,Smartphone,Fashion,Smartphone for Fashion category with premium quality and smart features,5,999.44
96,72,Sneakers,Beauty,Sneakers for Beauty category with premium quality and smart features,1,486.92
87,36,Blender,Sports,Blender for Sports category with premium quality and smart features,3,268.54
183,39,Headphones,Home,Headphones for Home category with premium quality and smart features,5,767.82
15,77,Gaming Mouse,Groceries,Gaming Mouse for Groceries category with premium quality and smart features,3,683.95
185,4,Sneakers,Toys,Sneakers for Toys category with premium quality and smart features,3,907.84
104,50,Perfume,Electronics,Perfume for Electronics category with premium quality and smart features,5,817.85
88,29,Football,Toys,Football for Toys category with premium quality and smart features,3,512.24
44,72,Sneakers,Books,Sneakers for Books category with premium quality and smart features,1,476.07
190,34,Gaming Mouse,Books,Gaming Mouse for Books category with premium quality and smart features,3,657.89
57,46,Keyboard,Home,Keyboard for Home category with premium quality and smart features,3,426.27
85,48,Perfume,Beauty,Perfume for Beauty category with premium quality and smart features,3,469.12
31,61,Blender,Electronics,Blender for Electronics category with premium quality and smart features,5,584.51
159,10,Football,Toys,Football for Toys category with premium quality and smart features,2,505.47
175,49,Novel,Beauty,Novel for Beauty category with premium quality and smart features,1,872.14
39,18,Cookware,Home,Cookware for Home category with premium quality and smart features,4,987.32
118,19,Blender,Sports,Blender for Sports category with premium quality and smart features,2,781.15
125,43,Cookware,Books,Cookware for Books category with premium quality and smart features,1,14.67
71,27,Perfume,Books,Perfume for Books category with premium quality and smart features,2,494.68
196,12,Perfume,Books,Perfume for Books category with premium quality and smart features,4,637.15
104,55,Novel,Toys,Novel for Toys category with premium quality and smart features,1,47.35
52,48,Football,Electronics,Football for Electronics category with premium quality and smart features,3,759.28
136,25,Gaming Mouse,Electronics,Gaming Mouse for Electronics category with premium quality and smart features,1,630.42
64,29,Sneakers,Sports,Sneakers for Sports category with premium quality and smart features,2,111.68
129,76,Headphones,Beauty,Headphones for Beauty category with premium quality and smart features,1,825.61
77,38,Keyboard,Toys,Keyboard for Toys category with premium quality and smart features,5,600.41
87,56,Cookware,Books,Cookware for Books category with premium quality and smart features,4,365.66
49,22,Smartphone,Groceries,Smartphone for Groceries category with premium quality and smart features,2,232.08
34,28,Perfume,Electronics,Perfume for Electronics category with premium quality and smart features,5,177.29
94,5,Football,Groceries,Football for Groceries category with premium quality and smart features,3,773.54
160,7,Gaming Mouse,Electronics,Gaming Mouse for Electronics category with premium quality and smart features,1,657.03
6,7,Novel,Fashion,Novel for Fashion category with premium quality and smart features,4,386.45
141,33,Keyboard,Toys,Keyboard for Toys category with premium quality and smart features,2,213.44
176,2,Novel,Beauty,Novel for Beauty category with premium quality and smart features,1,665.86
70,80,Novel,Books,Novel for Books category with premium quality and smart features,1,516.47
159,16,Laptop,Beauty,Laptop for Beauty category with premium quality and smart features,1,502.76
156,26,Blender,Beauty,Blender for Beauty category with premium quality and smart features,5,973.39
92,53,Headphones,Beauty,Headphones for Beauty category with premium quality and smart features,1,552.66
54,62,T-Shirt,Sports,T-Shirt for Sports category with premium quality and smart features,1,22.62
23,15,Headphones,Toys,Headphones for Toys category with premium quality and smart features,1,781.73
20,13,Gaming Mouse,Beauty,Gaming Mouse for Beauty category with premium quality and smart features,2,462.18
76,34,Smartphone,Toys,Smartphone for Toys category with premium quality and smart features,1,815.05
11,38,Camera,Sports,Camera for Sports category with premium quality and smart features,3,431.74
30,13,Smartphone,Electronics,Smartphone for Electronics category with premium quality and smart features,2,666.72
44,43,Football,Sports,Football for Sports category with premium quality and smart features,4,955.54
69,12,Blender,Sports,Blender for Sports category with premium quality and smart features,3,191.04
103,52,Sneakers,Toys,Sneakers for Toys category with premium quality and smart features,4,693.0
123,54,Laptop,Books,Laptop for Books category with premium quality and smart features,2,699.21
16,21,Novel,Fashion,Novel for Fashion category with premium quality and smart features,5,487.85
146,57,Perfume,Books,Perfume for Books category with premium quality and smart features,4,781.37
157,4,Backpack,Books,Backpack for Books category with premium quality and smart features,4,121.81
106,57,Laptop,Electronics,Laptop for Electronics category with premium quality and smart features,3,658.42
4,68,Gaming Mouse,Home,Gaming Mouse for Home category with premium quality and smart features,3,523.91
177,80,Novel,Fashion,Novel for Fashion category with premium quality and smart features,2,487.11
170,50,Blender,Books,Blender for Books category with premium quality and smart features,5,893.14
157,7,Gaming Mouse,Electronics,Gaming Mouse for Electronics category with premium quality and smart features,2,510.51
121,64,Laptop,Books,Laptop for Books category with premium quality and smart features,4,327.43
85,36,Watch,Electronics,Watch for Electronics category with premium quality and smart features,2,554.99
97,52,Laptop,Home,Laptop for Home category with premium quality and smart features,4,449.75
147,58,Blender,Fashion,Blender for Fashion category with premium quality and smart features,4,452.6
31,64,Laptop,Electronics,Laptop for Electronics category with premium quality and smart features,4,418.22
143,71,Blender,Electronics,Blender for Electronics category with premium quality and smart features,1,793.87
159,39,Gaming Mouse,Home,Gaming Mouse for Home category with premium quality and smart features,4,950.85
94,7,Blender,Home,Blender for Home category with premium quality and smart features,4,338.65
197,80,Keyboard,Toys,Keyboard for Toys category with premium quality and smart features,3,718.75
30,13,Smartphone,Home,Smartphone for Home category with premium quality and smart features,3,361.59
163,38,Keyboard,Sports,Keyboard for Sports category with premium quality and smart features,1,55.32
43,64,Blender,Books,Blender for Books category with premium quality and smart features,4,115.89
157,26,Laptop,Home,Laptop for Home category with premium quality and smart features,4,223.43
49,44,Camera,Fashion,Camera for Fashion category with premium quality and smart features,4,56.04
163,76,Camera,Fashion,Camera for Fashion category with premium quality and smart features,4,462.81
151,65,Backpack,Books,Backpack for Books category with premium quality and smart features,1,535.06
13,71,Blender,Groceries,Blender for Groceries category with premium quality and smart features,5,488.1
131,23,Keyboard,Books,Keyboard for Books category with premium quality and smart features,2,112.52
169,77,Watch,Sports,Watch for Sports category with premium quality and smart features,4,424.48
156,32,Novel,Beauty,Novel for Beauty category with premium quality and smart features,3,970.79
116,18,Novel,Books,Novel for Books category with premium quality and smart features,5,703.01
192,66,Blender,Beauty,Blender for Beauty category with premium quality and smart features,5,862.1
183,71,T-Shirt,Home,T-Shirt for Home category with premium quality and smart features,2,627.93
75,45,Keyboard,Books,Keyboard for Books category with premium quality and smart features,2,508.85
178,42,Camera,Fashion,Camera for Fashion category with premium quality and smart features,3,566.66
150,74,Gaming Mouse,Groceries,Gaming Mouse for Groceries category with premium quality and smart features,5,293.07
109,2,Smartphone,Fashion,Smartphone for Fashion category with premium quality and smart features,4,153.87
172,8,Sneakers,Home,Sneakers for Home category with premium quality and smart features,2,983.7
175,33,Blender,Books,Blender for Books category with premium quality and smart features,1,693.69
76,27,Cookware,Electronics,Cookware for Electronics category with premium quality and smart features,4,111.46
173,72,Keyboard,Home,Keyboard for Home category with premium quality and smart features,5,395.0
131,37,Football,Electronics,Football for Electronics category with premium quality and smart features,4,393.68
176,41,Smartphone,Electronics,Smartphone for Electronics category with premium quality and smart features,3,211.06
200,57,Football,Home,Football for Home category with premium quality and smart features,3,757.56
140,78,Camera,Home,Camera for Home category with premium quality and smart features,2,301.24
46,10,Headphones,Books,Headphones for Books category with premium quality and smart features,5,128.16
11,55,Watch,Beauty,Watch for Beauty category with premium quality and smart features,3,138.77
150,33,Cookware,Electronics,Cookware for Electronics category with premium quality and smart features,4,712.59
40,6,Football,Books,Football for Books category with premium quality and smart features,3,600.91
199,79,Backpack,Beauty,Backpack for Beauty category with premium quality and smart features,5,554.66
19,41,Headphones,Home,Headphones for Home category with premium quality and smart features,5,77.49
130,21,Watch,Groceries,Watch for Groceries category with premium quality and smart features,5,409.38
90,29,Gaming Mouse,Home,Gaming Mouse for Home category with premium quality and smart features,3,337.76
76,28,Watch,Toys,Watch for Toys category with premium quality and smart features,1,123.57
89,58,Football,Home,Football for Home category with premium quality and smart features,5,919.42
63,6,Novel,Sports,Novel for Sports category with premium quality and smart features,1,392.02
139,37,Football,Electronics,Football for Electronics category with premium quality and smart features,5,823.89
96,66,Backpack,Toys,Backpack for Toys category with premium quality and smart features,1,303.47
167,25,Watch,Sports,Watch for Sports category with premium quality and smart features,1,948.73
43,69,Gaming Mouse,Electronics,Gaming Mouse for Electronics category with premium quality and smart features,1,218.67
162,28,Blender,Groceries,Blender for Groceries category with premium quality and smart features,1,213.52
180,56,Keyboard,Fashion,Keyboard for Fashion category with premium quality and smart features,2,33.52
184,43,Laptop,Electronics,Laptop for Electronics category with premium quality and smart features,1,63.73
65,72,Perfume,Fashion,Perfume for Fashion category with premium quality and smart features,2,911.88
105,50,Gaming Mouse,Toys,Gaming Mouse for Toys category with premium quality and smart features,4,438.69
5,50,Watch,Fashion,Watch for Fashion category with premium quality and smart features,1,645.01
159,9,Keyboard,Electronics,Keyboard for Electronics category with premium quality and smart features,1,364.12
129,14,Camera,Beauty,Camera for Beauty category with premium quality and smart features,3,610.5
73,57,Novel,Groceries,Novel for Groceries category with premium quality and smart features,1,479.25
137,29,Keyboard,Books,Keyboard for Books category with premium quality and smart features,4,798.8
140,38,Sneakers,Books,Sneakers for Books category with premium quality and smart features,3,957.82
3,71,Laptop,Books,Laptop for Books category with premium quality and smart features,1,14.98
153,51,Sneakers,Fashion,Sneakers for Fashion category with premium quality and smart features,2,750.81
186,45,Novel,Home,Novel for Home category with premium quality and smart features,5,151.03
48,29,T-Shirt,Beauty,T-Shirt for Beauty category with premium quality and smart features,1,189.54
146,7,Gaming Mouse,Toys,Gaming Mouse for Toys category with premium quality and smart features,5,82.41
172,9,Laptop,Beauty,Laptop for Beauty category with premium quality and smart features,2,728.33
125,43,Headphones,Sports,Headphones for Sports category with premium quality and smart features,2,109.04
159,9,Cookware,Home,Cookware for Home category with premium quality and smart features,4,456.14
158,40,Perfume,Books,Perfume for Books category with premium quality and smart features,5,370.85
81,55,Smartphone,Books,Smartphone for Books category with premium quality and smart features,3,253.71
57,56,Blender,Beauty,Blender for Beauty category with premium quality and smart features,3,142.96
188,43,Backpack,Toys,Backpack for Toys category with premium quality and smart features,4,365.15
79,63,Headphones,Fashion,Headphones for Fashion category with premium quality and smart features,5,91.15
72,18,Sneakers,Home,Sneakers for Home category with premium quality and smart features,1,730.15
5,65,Blender,Electronics,Blender for Electronics category with premium quality and smart features,5,583.11
197,76,Football,Home,Football for Home category with premium quality and smart features,1,556.08
140,70,Gaming Mouse,Toys,Gaming Mouse for Toys category with premium quality and smart features,2,372.16
58,76,Headphones,Beauty,Headphones for Beauty category with premium quality and smart features,4,506.11
24,51,Watch,Sports,Watch for Sports category with premium quality and smart features,1,666.05
158,22,Backpack,Books,Backpack for Books category with premium quality and smart features,2,187.35
145,19,Cookware,Toys,Cookware for Toys category with premium quality and smart features,1,226.63
125,30,Sneakers,Fashion,Sneakers for Fashion category with premium quality and smart features,3,241.68
172,27,Novel,Sports,Novel for Sports category with premium quality and smart features,4,918.72
12,6,Laptop,Sports,Laptop for Sports category with premium quality and smart features,5,637.23
71,34,Novel,Books,Novel for Books category with premium quality and smart features,4,371.64
168,10,Novel,Beauty,Novel for Beauty category with premium quality and smart features,2,521.21
91,45,Camera,Toys,Camera for Toys category with premium quality and smart features,4,888.3
2,65,Backpack,Books,Backpack for Books category with premium quality and smart features,2,237.69
132,36,Headphones,Home,Headphones for Home category with premium quality and smart features,2,165.78
155,16,Novel,Home,Novel for Home category with premium quality and smart features,3,723.05
124,62,T-Shirt,Toys,T-Shirt for Toys category with premium quality and smart features,5,169.63
106,3,Smartphone,Home,Smartphone for Home category with premium quality and smart features,2,577.75
42,18,Football,Electronics,Football for Electronics category with premium quality and smart features,5,155.4
43,34,Watch,Books,Watch for Books category with premium quality and smart features,4,603.36
145,3,Laptop,Beauty,Laptop for Beauty category with premium quality and smart features,2,454.71
121,62,T-Shirt,Books,T-Shirt for Books category with premium quality and smart features,4,604.83
150,24,Headphones,Beauty,Headphones for Beauty category with premium quality and smart features,3,923.13
153,76,T-Shirt,Fashion,T-Shirt for Fashion category with premium quality and smart features,4,391.61
28,3,Watch,Home,Watch for Home category with premium quality and smart features,5,687.52
39,78,Headphones,Fashion,Headphones for Fashion category with premium quality and smart features,4,902.59
154,5,Laptop,Fashion,Laptop for Fashion category with premium quality and smart features,4,662.8
155,70,Football,Electronics,Football for Electronics category with premium quality and smart features,4,526.82
95,6,T-Shirt,Groceries,T-Shirt for Groceries category with premium quality and smart features,4,791.66
98,45,Novel,Fashion,Novel for Fashion category with premium quality and smart features,2,261.97
197,30,Sneakers,Fashion,Sneakers for Fashion category with premium quality and smart features,5,878.0
105,33,Smartphone,Home,Smartphone for Home category with premium quality and smart features,1,582.21
31,67,Novel,Electronics,Novel for Electronics category with premium quality and smart features,2,690.89
81,53,Laptop,Sports,Laptop for Sports category with premium quality and smart features,2,431.81
150,33,Blender,Beauty,Blender for Beauty category with premium quality and smart features,5,429.33
94,79,Gaming Mouse,Beauty,Gaming Mouse for Beauty category with premium quality and smart features,4,757.42
106,71,Headphones,Toys,Headphones for Toys category with premium quality and smart features,3,563.5
124,33,Perfume,Beauty,Perfume for Beauty category with premium quality and smart features,3,776.45
102,18,Keyboard,Fashion,Keyboard for Fashion category with premium quality and smart features,2,452.13
180,21,T-Shirt,Fashion,T-Shirt for Fashion category with premium quality and smart features,5,406.56
87,71,Headphones,Electronics,Headphones for Electronics category with premium quality and smart features,4,964.92
2,12,Backpack,Books,Backpack for Books category with premium quality and smart features,5,441.02
17,34,Cookware,Home,Cookware for Home category with premium quality and smart features,1,612.94
186,50,Perfume,Groceries,Perfume for Groceries category with premium quality and smart features,5,293.6
153,8,Gaming Mouse,Books,Gaming Mouse for Books category with premium quality and smart features,4,444.58
52,67,T-Shirt,Beauty,T-Shirt for Beauty category with premium quality and smart features,1,786.12
131,67,Perfume,Home,Perfume for Home category with premium quality and smart features,2,677.28
93,31,Headphones,Electronics,Headphones for Electronics category with premium quality and smart features,1,996.85
200,52,Gaming Mouse,Sports,Gaming Mouse for Sports category with premium quality and smart features,4,411.4
52,67,Keyboard,Electronics,Keyboard for Electronics category with premium quality and smart features,1,919.99
141,37,Cookware,Sports,Cookware for Sports category with premium quality and smart features,3,234.03
50,59,Perfume,Groceries,Perfume for Groceries category with premium quality and smart features,1,268.5
105,65,Watch,Fashion,Watch for Fashion category with premium quality and smart features,1,508.14
88,15,Football,Beauty,Football for Beauty category with premium quality and smart features,5,815.02
148,33,Novel,Toys,Novel for Toys category with premium quality and smart features,5,488.79
63,44,Gaming Mouse,Toys,Gaming Mouse for Toys category with premium quality and smart features,4,897.56
8,62,Sneakers,Fashion,Sneakers for Fashion category with premium quality and smart features,1,388.85
57,30,Novel,Sports,Novel for Sports category with premium quality and smart features,3,521.34
3,34,Sneakers,Home,Sneakers for Home category with premium quality and smart features,1,404.94
192,44,Watch,Fashion,Watch for Fashion category with premium quality and smart features,2,481.79
91,28,Headphones,Beauty,Headphones for Beauty category with premium quality and smart features,2,504.01
52,31,Blender,Home,Blender for Home category with premium quality and smart features,3,214.71
52,32,Headphones,Sports,Headphones for Sports category with premium quality and smart features,1,128.68
21,64,Camera,Electronics,Camera for Electronics category with premium quality and smart features,5,958.41
124,48,Backpack,Sports,Backpack for Sports category with premium quality and smart features,5,870.08
126,24,Novel,Beauty,Novel for Beauty category with premium quality and smart features,2,752.67
33,7,Backpack,Groceries,Backpack for Groceries category with premium quality and smart features,5,42.24
89,51,Backpack,Books,Backpack for Books category with premium quality and smart features,1,701.26
118,41,Smartphone,Electronics,Smartphone for Electronics category with premium quality and smart features,2,385.63
26,42,Perfume,Sports,Perfume for Sports category with premium quality and smart features,3,195.28
68,31,Backpack,Beauty,Backpack for Beauty category with premium quality and smart features,5,349.67
48,64,T-Shirt,Groceries,T-Shirt for Groceries category with premium quality and smart features,4,703.71
96,47,Sneakers,Groceries,Sneakers for Groceries category with premium quality and smart features,4,188.09
34,74,Blender,Home,Blender for Home category with premium quality and smart features,1,723.61
61,72,Blender,Groceries,Blender for Groceries category with premium quality and smart features,4,204.1
190,20,Camera,Toys,Camera for Toys category with premium quality and smart features,1,184.84
128,18,Camera,Sports,Camera for Sports category with premium quality and smart features,4,307.03
144,73,Novel,Electronics,Novel for Electronics category with premium quality and smart features,1,693.64
16,28,Backpack,Beauty,Backpack for Beauty category with premium quality and smart features,1,455.36
86,34,Cookware,Sports,Cookware for Sports category with premium quality and smart features,5,561.92
66,45,Novel,Electronics,Novel for Electronics category with premium quality and smart features,1,357.58
174,78,Perfume,Home,Perfume for Home category with premium quality and smart features,5,653.37
138,23,Cookware,Beauty,Cookware for Beauty category with premium quality and smart features,3,676.46
125,58,Novel,Fashion,Novel for Fashion category with premium quality and smart features,5,293.66
162,19,Gaming Mouse,Books,Gaming Mouse for Books category with premium quality and smart features,3,427.6
157,74,Blender,Groceries,Blender for Groceries category with premium quality and smart features,1,88.32
88,30,Cookware,Sports,Cookware for Sports category with premium quality and smart features,3,713.33
155,51,Football,Beauty,Football for Beauty category with premium quality and smart features,4,783.16
93,76,Novel,Toys,Novel for Toys category with premium quality and smart features,2,192.05
6,17,Gaming Mouse,Home,Gaming Mouse for Home category with premium quality and smart features,3,941.03
180,11,Headphones,Home,Headphones for Home category with premium quality and smart features,4,111.98
17,61,Smartphone,Electronics,Smartphone for Electronics category with premium quality and smart features,4,528.74
22,14,Perfume,Beauty,Perfume for Beauty category with premium quality and smart features,2,93.47
100,40,T-Shirt,Home,T-Shirt for Home category with premium quality and smart features,3,448.73
33,17,Smartphone,Books,Smartphone for Books category with premium quality and smart features,1,666.91
84,61,Blender,Toys,Blender for Toys category with premium quality and smart features,5,935.51
141,57,Keyboard,Books,Keyboard for Books category with premium quality and smart features,5,185.27
153,59,Watch,Groceries,Watch for Groceries category with premium quality and smart features,5,316.56
89,62,Camera,Home,Camera for Home category with premium quality and smart features,1,447.44
94,53,Headphones,Beauty,Headphones for Beauty category with premium quality and smart features,3,20.45
134,18,Sneakers,Sports,Sneakers for Sports category with premium quality and smart features,4,539.75
177,63,Sneakers,Toys,Sneakers for Toys category with premium quality and smart features,1,768.21
75,77,Camera,Home,Camera for Home category with premium quality and smart features,1,552.73
49,53,Novel,Groceries,Novel for Groceries category with premium quality and smart features,2,171.64
189,50,T-Shirt,Groceries,T-Shirt for Groceries category with premium quality and smart features,3,88.42
161,31,Sneakers,Beauty,Sneakers for Beauty category with premium quality and smart features,5,810.72
106,25,Headphones,Fashion,Headphones for Fashion category with premium quality and smart features,2,296.7
164,59,Sneakers,Toys,Sneakers for Toys category with premium quality and smart features,5,497.08
83,3,Smartphone,Books,Smartphone for Books category with premium quality and smart features,5,31.91
27,37,Headphones,Beauty,Headphones for Beauty category with premium quality and smart features,4,729.84
60,12,Smartphone,Books,Smartphone for Books category with premium quality and smart features,4,225.02
108,40,Cookware,Toys,Cookware for Toys category with premium quality and smart features,4,699.97
9,43,Blender,Fashion,Blender for Fashion category with premium quality and smart features,2,65.48
199,51,Watch,Fashion,Watch for Fashion category with premium quality and smart features,4,189.79
65,49,Laptop,Electronics,Laptop for Electronics category with premium quality and smart features,2,390.95
114,32,T-Shirt,Electronics,T-Shirt for Electronics category with premium quality and smart features,4,737.97
25,67,Backpack,Home,Backpack for Home category with premium quality and smart features,4,684.63
80,42,Gaming Mouse,Books,Gaming Mouse for Books category with premium quality and smart features,1,747.28
141,67,Sneakers,Fashion,Sneakers for Fashion category with premium quality and smart features,4,642.13
51,47,Blender,Electronics,Blender for Electronics category with premium quality and smart features,2,973.54
61,56,Smartphone,Sports,Smartphone for Sports category with premium quality and smart features,2,796.45
150,16,Camera,Groceries,Camera for Groceries category with premium quality and smart features,2,18.84
11,75,Keyboard,Toys,Keyboard for Toys category with premium quality and smart features,5,163.44
198,12,Headphones,Home,Headphones for Home category with premium quality and smart features,4,100.49
159,44,Smartphone,Electronics,Smartphone for Electronics category with premium quality and smart features,3,648.13
180,69,Headphones,Fashion,Headphones for Fashion category with premium quality and smart features,4,240.35
143,45,Keyboard,Toys,Keyboard for Toys category with premium quality and smart features,2,31.14
97,46,Sneakers,Books,Sneakers for Books category with premium quality and smart features,1,490.45
113,72,Watch,Beauty,Watch for Beauty category with premium quality and smart features,4,197.88
48,70,Cookware,Sports,Cookware for Sports category with premium quality and smart features,4,282.57
154,71,Laptop,Books,Laptop for Books category with premium quality and smart features,5,163.48
76,34,Backpack,Sports,Backpack for Sports category with premium quality and smart features,1,778.16
130,49,Football,Books,Football for Books category with premium quality and smart features,1,623.54
94,80,Cookware,Home,Cookware for Home category with premium quality and smart features,1,661.71
138,50,Watch,Home,Watch for Home category with premium quality and smart features,4,768.08
40,79,Cookware,Beauty,Cookware for Beauty category with premium quality and smart features,4,644.49
29,13,Smartphone,Fashion,Smartphone for Fashion category with premium quality and smart features,2,186.85
9,26,Backpack,Fashion,Backpack for Fashion category with premium quality and smart features,2,107.77
147,50,Watch,Toys,Watch for Toys category with premium quality and smart features,5,704.3
66,7,T-Shirt,Sports,T-Shirt for Sports category with premium quality and smart features,5,720.67
4,27,Football,Toys,Football for Toys category with premium quality and smart features,1,473.38
164,8,Watch,Sports,Watch for Sports category with premium quality and smart features,4,823.81
182,8,Watch,Beauty,Watch for Beauty category with premium quality and smart features,1,736.96
78,10,Watch,Home,Watch for Home category with premium quality and smart features,1,110.21
60,69,T-Shirt,Groceries,T-Shirt for Groceries category with premium quality and smart features,2,530.93
64,73,Watch,Books,Watch for Books category with premium quality and smart features,5,421.03
28,74,Gaming Mouse,Sports,Gaming Mouse for Sports category with premium quality and smart features,4,705.52
110,14,Camera,Books,Camera for Books category with premium quality and smart features,2,554.47
130,44,Watch,Books,Watch for Books category with premium quality and smart features,5,448.58
91,41,Blender,Sports,Blender for Sports category with premium quality and smart features,3,418.22
163,56,Perfume,Sports,Perfume for Sports category with premium quality and smart features,2,567.51
55,49,Cookware,Beauty,Cookware for Beauty category with premium quality and smart features,4,453.02
102,1,Sneakers,Electronics,Sneakers for Electronics category with premium quality and smart features,5,26.14
35,39,Sneakers,Electronics,Sneakers for Electronics category with premium quality and smart features,2,222.67
81,3,Football,Beauty,Football for Beauty category with premium quality and smart features,5,516.16
147,74,Laptop,Books,Laptop for Books category with premium quality and smart features,1,465.77
40,18,Cookware,Beauty,Cookware for Beauty category with premium quality and smart features,5,257.36
66,39,Perfume,Fashion,Perfume for Fashion category with premium quality and smart features,4,573.37
56,10,Camera,Sports,Camera for Sports category with premium quality and smart features,4,181.17
177,74,Perfume,Fashion,Perfume for Fashion category with premium quality and smart features,3,47.0
148,49,Camera,Fashion,Camera for Fashion category with premium quality and smart features,1,922.65
86,45,Novel,Groceries,Novel for Groceries category with premium quality and smart features,1,871.09
59,78,Gaming Mouse,Electronics,Gaming Mouse for Electronics category with premium quality and smart features,4,63.59
135,6,Watch,Sports,Watch for Sports category with premium quality and smart features,5,158.08
129,29,Smartphone,Books,Smartphone for Books category with premium quality and smart features,4,971.33
193,77,T-Shirt,Fashion,T-Shirt for Fashion category with premium quality and smart features,4,296.89
101,19,Cookware,Books,Cookware for Books category with premium quality and smart features,1,481.1
191,7,Sneakers,Groceries,Sneakers for Groceries category with premium quality and smart features,1,404.54
112,17,Backpack,Books,Backpack for Books category with premium quality and smart features,5,206.13
102,74,Watch,Home,Watch for Home category with premium quality and smart features,5,997.11
135,32,Laptop,Home,Laptop for Home category with premium quality and smart features,3,779.0
83,74,Laptop,Fashion,Laptop for Fashion category with premium quality and smart features,4,429.31
90,25,Cookware,Sports,Cookware for Sports category with premium quality and smart features,5,658.86
198,40,Cookware,Books,Cookware for Books category with premium quality and smart features,5,823.37
114,80,Backpack,Books,Backpack for Books category with premium quality and smart features,1,924.97
60,26,Headphones,Sports,Headphones for Sports category with premium quality and smart features,1,121.25
14,32,Blender,Books,Blender for Books category with premium quality and smart features,3,23.6
178,15,Backpack,Beauty,Backpack for Beauty category with premium quality and smart features,4,32.52
54,69,T-Shirt,Home,T-Shirt for Home category with premium quality and smart features,5,528.03
67,71,Perfume,Toys,Perfume for Toys category with premium quality and smart features,2,698.12
172,3,Perfume,Groceries,Perfume for Groceries category with premium quality and smart features,5,53.05
44,8,T-Shirt,Beauty,T-Shirt for Beauty category with premium quality and smart features,5,278.57
120,2,Novel,Fashion,Novel for Fashion category with premium quality and smart features,3,666.35
169,47,Smartphone,Fashion,Smartphone for Fashion category with premium quality and smart features,3,868.74
167,50,Novel,Home,Novel for Home category with premium quality and smart features,5,976.85
26,41,Blender,Toys,Blender for Toys category with premium quality and smart features,5,536.25
48,26,Watch,Toys,Watch for Toys category with premium quality and smart features,1,49.35
136,40,Backpack,Sports,Backpack for Sports category with premium quality and smart features,4,746.95
5,45,Cookware,Sports,Cookware for Sports category with premium quality and smart features,3,243.84
129,36,Gaming Mouse,Electronics,Gaming Mouse for Electronics category with premium quality and smart features,3,879.89
8,72,T-Shirt,Beauty,T-Shirt for Beauty category with premium quality and smart features,2,348.37
101,18,Keyboard,Fashion,Keyboard for Fashion category with premium quality and smart features,4,525.51
174,79,Novel,Home,Novel for Home category with premium quality and smart features,2,577.17
110,40,Backpack,Sports,Backpack for Sports category with premium quality and smart features,5,140.45
168,18,Blender,Home,Blender for Home category with premium quality and smart features,2,315.91
181,68,Novel,Books,Novel for Books category with premium quality and smart features,2,659.67
145,21,Laptop,Sports,Laptop for Sports category with premium quality and smart features,5,537.63
185,16,Cookware,Books,Cookware for Books category with premium quality and smart features,2,729.81
196,41,Novel,Groceries,Novel for Groceries category with premium quality and smart features,3,448.57
164,36,Camera,Books,Camera for Books category with premium quality and smart features,2,115.7
48,4,Perfume,Beauty,Perfume for Beauty category with premium quality and smart features,5,616.24
153,30,Gaming Mouse,Home,Gaming Mouse for Home category with premium quality and smart features,1,365.67
177,62,Watch,Books,Watch for Books category with premium quality and smart features,5,474.08
167,48,Blender,Books,Blender for Books category with premium quality and smart features,4,496.53
36,21,T-Shirt,Home,T-Shirt for Home category with premium quality and smart features,1,414.5
4,35,T-Shirt,Groceries,T-Shirt for Groceries category with premium quality and smart features,2,760.2
17,23,Blender,Toys,Blender for Toys category with premium quality and smart features,5,495.04
84,59,Novel,Home,Novel for Home category with premium quality and smart features,4,778.45
156,49,Novel,Sports,Novel for Sports category with premium quality and smart features,5,939.75
147,77,Watch,Electronics,Watch for Electronics category with premium quality and smart features,1,457.09
11,32,Keyboard,Groceries,Keyboard for Groceries category with premium quality and smart features,1,562.12
133,7,Sneakers,Home,Sneakers for Home category with premium quality and smart features,4,404.06
78,37,Headphones,Toys,Headphones for Toys category with premium quality and smart features,4,301.48
14,67,Backpack,Books,Backpack for Books category with premium quality and smart features,4,99.54
129,15,Camera,Books,Camera for Books category with premium quality and smart features,5,938.46
179,70,Novel,Books,Novel for Books category with premium quality and smart features,4,330.23
7,23,Perfume,Toys,Perfume for Toys category with premium quality and smart features,2,883.72
24,33,Keyboard,Sports,Keyboard for Sports category with premium quality and smart features,2,721.19
32,12,Keyboard,Fashion,Keyboard for Fashion category with premium quality and smart features,4,637.73
22,68,Keyboard,Groceries,Keyboard for Groceries category with premium quality and smart features,5,615.95
41,49,Smartphone,Groceries,Smartphone for Groceries category with premium quality and smart features,2,913.13
145,20,Blender,Books,Blender for Books category with premium quality and smart features,2,187.08
183,7,Sneakers,Groceries,Sneakers for Groceries category with premium quality and smart features,3,732.86
115,37,Laptop,Books,Laptop for Books category with premium quality and smart features,2,960.83
1,80,Smartphone,Beauty,Smartphone for Beauty category with premium quality and smart features,4,502.65
128,70,Perfume,Electronics,Perfume for Electronics category with premium quality and smart features,4,245.5
151,61,Novel,Toys,Novel for Toys category with premium quality and smart features,4,88.61
154,1,Football,Home,Football for Home category with premium quality and smart features,5,285.33
161,72,Smartphone,Home,Smartphone for Home category with premium quality and smart features,2,156.77
168,45,Headphones,Electronics,Headphones for Electronics category with premium quality and smart features,1,670.33
155,39,Football,Sports,Football for Sports category with premium quality and smart features,1,58.54
107,23,Gaming Mouse,Books,Gaming Mouse for Books category with premium quality and smart features,3,614.98
178,77,Backpack,Books,Backpack for Books category with premium quality and smart features,5,366.59
10,12,Cookware,Beauty,Cookware for Beauty category with premium quality and smart features,3,898.55
18,55,Sneakers,Fashion,Sneakers for Fashion category with premium quality and smart features,4,143.2
178,36,Watch,Sports,Watch for Sports category with premium quality and smart features,4,529.4
179,27,Laptop,Electronics,Laptop for Electronics category with premium quality and smart features,5,732.43
162,68,Backpack,Fashion,Backpack for Fashion category with premium quality and smart features,5,934.55
181,37,Perfume,Groceries,Perfume for Groceries category with premium quality and smart features,3,267.06
148,80,Football,Sports,Football for Sports category with premium quality and smart features,2,618.15
128,67,Backpack,Toys,Backpack for Toys category with premium quality and smart features,2,884.83
60,38,Smartphone,Home,Smartphone for Home category with premium quality and smart features,1,33.75
161,16,Camera,Home,Camera for Home category with premium quality and smart features,5,999.0
106,6,Cookware,Sports,Cookware for Sports category with premium quality and smart features,5,807.98
55,2,Keyboard,Home,Keyboard for Home category with premium quality and smart features,3,261.87
18,40,Watch,Beauty,Watch for Beauty category with premium quality and smart features,5,330.68
2,15,Cookware,Sports,Cookware for Sports category with premium quality and smart features,4,727.15
158,4,T-Shirt,Books,T-Shirt for Books category with premium quality and smart features,3,835.49
173,62,Camera,Toys,Camera for Toys category with premium quality and smart features,1,649.2
124,20,Football,Toys,Football for Toys category with premium quality and smart features,5,896.97
119,53,Blender,Electronics,Blender for Electronics category with premium quality and smart features,5,306.35
186,41,T-Shirt,Electronics,T-Shirt for Electronics category with premium quality and smart features,5,688.64
91,9,Sneakers,Books,Sneakers for Books category with premium quality and smart features,1,345.76
97,69,Perfume,Books,Perfume for Books category with premium quality and smart features,5,395.67
153,15,Keyboard,Beauty,Keyboard for Beauty category with premium quality and smart features,3,712.74
70,53,Backpack,Fashion,Backpack for Fashion category with premium quality and smart features,2,377.87
78,28,Headphones,Beauty,Headphones for Beauty category with premium quality and smart features,1,380.47
10,26,Backpack,Fashion,Backpack for Fashion category with premium quality and smart features,5,34.69
124,65,T-Shirt,Books,T-Shirt for Books category with premium quality and smart features,3,924.4
188,68,Camera,Beauty,Camera for Beauty category with premium quality and smart features,3,151.86
26,67,T-Shirt,Books,T-Shirt for Books category with premium quality and smart features,1,464.77
183,67,Smartphone,Fashion,Smartphone for Fashion category with premium quality and smart features,3,933.01
176,77,Cookware,Fashion,Cookware for Fashion category with premium quality and smart features,4,890.29
27,67,Smartphone,Beauty,Smartphone for Beauty category with premium quality and smart features,5,760.91
164,27,T-Shirt,Sports,T-Shirt for Sports category with premium quality and smart features,2,293.7
137,41,Gaming Mouse,Toys,Gaming Mouse for Toys category with premium quality and smart features,1,279.93
41,36,Smartphone,Fashion,Smartphone for Fashion category with premium quality and smart features,5,564.03
27,27,Watch,Sports,Watch for Sports category with premium quality and smart features,3,278.34
181,37,Headphones,Home,Headphones for Home category with premium quality and smart features,1,318.26
87,70,Smartphone,Toys,Smartphone for Toys category with premium quality and smart features,2,38.7
173,7,Novel,Fashion,Novel for Fashion category with premium quality and smart features,1,95.26
101,23,Perfume,Toys,Perfume for Toys category with premium quality and smart features,3,319.32
51,69,Football,Fashion,Football for Fashion category with premium quality and smart features,4,572.11
24,60,Backpack,Fashion,Backpack for Fashion category with premium quality and smart features,3,687.63
182,60,T-Shirt,Toys,T-Shirt for Toys category with premium quality and smart features,2,152.28
158,34,Novel,Sports,Novel for Sports category with premium quality and smart features,2,702.62
171,43,Backpack,Sports,Backpack for Sports category with premium quality and smart features,4,39.96
122,15,Backpack,Sports,Backpack for Sports category with premium quality and smart features,4,847.31
73,45,Watch,Books,Watch for Books category with premium quality and smart features,1,411.63
183,14,Watch,Sports,Watch for Sports category with premium quality and smart features,1,794.51
137,60,Perfume,Groceries,Perfume for Groceries category with premium quality and smart features,4,246.19
63,71,Backpack,Books,Backpack for Books category with premium quality and smart features,4,75.4
54,76,Camera,Groceries,Camera for Groceries category with premium quality and smart features,4,571.54
88,70,Headphones,Home,Headphones for Home category with premium quality and smart features,1,741.97
183,74,Laptop,Toys,Laptop for Toys category with premium quality and smart features,5,600.11
84,72,Blender,Fashion,Blender for Fashion category with premium quality and smart features,4,184.41
104,9,Gaming Mouse,Fashion,Gaming Mouse for Fashion category with premium quality and smart features,5,773.63
98,42,Gaming Mouse,Toys,Gaming Mouse for Toys category with premium quality and smart features,1,99.63
36,75,Camera,Electronics,Camera for Electronics category with premium quality and smart features,2,664.27
116,69,Novel,Beauty,Novel for Beauty category with premium quality and smart features,5,582.15
51,27,Sneakers,Sports,Sneakers for Sports category with premium quality and smart features,5,796.4
174,39,Keyboard,Groceries,Keyboard for Groceries category with premium quality and smart features,3,990.39
150,2,Blender,Groceries,Blender for Groceries category with premium quality and smart features,2,853.98
16,48,Smartphone,Electronics,Smartphone for Electronics category with premium quality and smart features,5,822.55
92,15,Blender,Beauty,Blender for Beauty category with premium quality and smart features,1,242.89
180,76,Gaming Mouse,Groceries,Gaming Mouse for Groceries category with premium quality and smart features,3,714.66
104,49,Watch,Groceries,Watch for Groceries category with premium quality and smart features,2,665.86
122,18,Watch,Home,Watch for Home category with premium quality and smart features,4,844.89
93,54,Sneakers,Books,Sneakers for Books category with premium quality and smart features,2,142.93
19,3,Keyboard,Books,Keyboard for Books category with premium quality and smart features,4,661.35
35,11,Gaming Mouse,Books,Gaming Mouse for Books category with premium quality and smart features,4,861.55
179,78,Perfume,Groceries,Perfume for Groceries category with premium quality and smart features,2,459.85
109,71,Novel,Toys,Novel for Toys category with premium quality and smart features,3,233.48
109,78,Perfume,Electronics,Perfume for Electronics category with premium quality and smart features,4,848.34
61,65,Novel,Beauty,Novel for Beauty category with premium quality and smart features,5,580.59
9,5,Keyboard,Toys,Keyboard for Toys category with premium quality and smart features,3,122.03
124,11,Keyboard,Books,Keyboard for Books category with premium quality and smart features,5,983.74
193,36,Watch,Toys,Watch for Toys category with premium quality and smart features,1,528.12
157,12,Backpack,Home,Backpack for Home category with premium quality and smart features,1,687.23
139,75,Perfume,Beauty,Perfume for Beauty category with premium quality and smart features,1,904.55
137,2,Backpack,Toys,Backpack for Toys category with premium quality and smart features,5,906.99
147,43,Cookware,Groceries,Cookware for Groceries category with premium quality and smart features,3,296.32
10,77,Keyboard,Beauty,Keyboard for Beauty category with premium quality and smart features,5,267.84
162,61,Perfume,Books,Perfume for Books category with premium quality and smart features,1,659.76
75,80,Sneakers,Electronics,Sneakers for Electronics category with premium quality and smart features,4,91.69
130,10,Sneakers,Beauty,Sneakers for Beauty category with premium quality and smart features,2,619.64
71,33,Keyboard,Electronics,Keyboard for Electronics category with premium quality and smart features,1,607.78
152,20,Cookware,Toys,Cookware for Toys category with premium quality and smart features,2,268.64
180,31,Headphones,Toys,Headphones for Toys category with premium quality and smart features,5,863.39
88,11,Perfume,Books,Perfume for Books category with premium quality and smart features,2,839.24
193,53,T-Shirt,Groceries,T-Shirt for Groceries category with premium quality and smart features,4,728.74
43,27,Smartphone,Sports,Smartphone for Sports category with premium quality and smart features,3,757.93
30,7,Backpack,Books,Backpack for Books category with premium quality and smart features,4,481.47
122,69,Novel,Home,Novel for Home category with premium quality and smart features,4,479.84
38,68,Smartphone,Groceries,Smartphone for Groceries category with premium quality and smart features,3,927.95
115,49,Watch,Sports,Watch for Sports category with premium quality and smart features,1,106.39
137,46,Perfume,Groceries,Perfume for Groceries category with premium quality and smart features,3,341.62
69,13,Gaming Mouse,Beauty,Gaming Mouse for Beauty category with premium quality and smart features,5,397.24
198,31,Watch,Home,Watch for Home category with premium quality and smart features,3,680.94
47,41,Gaming Mouse,Electronics,Gaming Mouse for Electronics category with premium quality and smart features,1,833.37
4,53,Watch,Fashion,Watch for Fashion category with premium quality and smart features,1,688.64
90,29,Sneakers,Beauty,Sneakers for Beauty category with premium quality and smart features,2,43.7
159,12,Perfume,Electronics,Perfume for Electronics category with premium quality and smart features,2,950.98
164,16,Laptop,Fashion,Laptop for Fashion category with premium quality and smart features,5,138.61
169,73,Football,Books,Football for Books category with premium quality and smart features,1,698.7
65,38,Gaming Mouse,Toys,Gaming Mouse for Toys category with premium quality and smart features,1,642.39
71,55,Sneakers,Sports,Sneakers for Sports category with premium quality and smart features,2,782.92
71,8,Novel,Groceries,Novel for Groceries category with premium quality and smart features,3,996.0
67,34,Backpack,Books,Backpack for Books category with premium quality and smart features,1,496.8
52,79,Headphones,Groceries,Headphones for Groceries category with premium quality and smart features,4,117.35
139,56,Perfume,Home,Perfume for Home category with premium quality and smart features,1,913.48
184,34,Smartphone,Fashion,Smartphone for Fashion category with premium quality and smart features,1,79.71
187,33,Smartphone,Toys,Smartphone for Toys category with premium quality and smart features,4,157.37
164,1,Gaming Mouse,Electronics,Gaming Mouse for Electronics category with premium quality and smart features,4,273.77
180,43,Perfume,Groceries,Perfume for Groceries category with premium quality and smart features,1,520.23
198,63,Novel,Toys,Novel for Toys category with premium quality and smart features,4,845.61
200,9,Smartphone,Home,Smartphone for Home category with premium quality and smart features,4,954.61
200,62,Perfume,Fashion,Perfume for Fashion category with premium quality and smart features,5,935.69
92,43,Novel,Beauty,Novel for Beauty category with premium quality and smart features,1,635.95
166,12,Watch,Sports,Watch for Sports category with premium quality and smart features,3,89.65
118,38,Headphones,Home,Headphones for Home category with premium quality and smart features,5,48.94
99,25,Keyboard,Beauty,Keyboard for Beauty category with premium quality and smart features,4,897.5
162,46,Laptop,Toys,Laptop for Toys category with premium quality and smart features,4,737.97
36,5,Smartphone,Home,Smartphone for Home category with premium quality and smart features,5,246.1
100,9,Backpack,Beauty,Backpack for Beauty category with premium quality and smart features,5,965.3
116,3,Cookware,Electronics,Cookware for Electronics category with premium quality and smart features,1,344.34
185,6,Laptop,Groceries,Laptop for Groceries category with premium quality and smart features,2,809.03
171,67,Gaming Mouse,Toys,Gaming Mouse for Toys category with premium quality and smart features,5,157.46
149,30,Smartphone,Fashion,Smartphone for Fashion category with premium quality and smart features,2,494.01
5,61,T-Shirt,Electronics,T-Shirt for Electronics category with premium quality and smart features,2,24.22
162,7,Blender,Beauty,Blender for Beauty category with premium quality and smart features,1,461.62
44,76,Blender,Fashion,Blender for Fashion category with premium quality and smart features,1,123.04
153,79,Laptop,Home,Laptop for Home category with premium quality and smart features,2,431.95
189,52,Laptop,Sports,Laptop for Sports category with premium quality and smart features,5,550.43
83,28,Perfume,Electronics,Perfume for Electronics category with premium quality and smart features,2,342.15
31,36,Camera,Books,Camera for Books category with premium quality and smart features,4,176.37
95,71,Backpack,Books,Backpack for Books category with premium quality and smart features,2,926.42
11,18,Camera,Fashion,Camera for Fashion category with premium quality and smart features,5,382.37
41,3,Laptop,Toys,Laptop for Toys category with premium quality and smart features,1,17.15
23,76,Novel,Beauty,Novel for Beauty category with premium quality and smart features,4,695.43
53,19,Watch,Beauty,Watch for Beauty category with premium quality and smart features,4,417.91
45,79,Perfume,Electronics,Perfume for Electronics category with premium quality and smart features,2,720.03
157,12,Cookware,Beauty,Cookware for Beauty category with premium quality and smart features,4,14.52
61,25,Watch,Fashion,Watch for Fashion category with premium quality and smart features,1,622.73
195,70,Backpack,Home,Backpack for Home category with premium quality and smart features,2,283.66
50,15,Gaming Mouse,Books,Gaming Mouse for Books category with premium quality and smart features,4,502.54
41,6,Gaming Mouse,Electronics,Gaming Mouse for Electronics category with premium quality and smart features,3,292.21
112,33,Perfume,Sports,Perfume for Sports category with premium quality and smart features,4,52.88
190,7,Headphones,Books,Headphones for Books category with premium quality and smart features,1,490.21
30,10,Keyboard,Home,Keyboard for Home category with premium quality and smart features,4,596.78
84,54,Keyboard,Home,Keyboard for Home category with premium quality and smart features,3,237.76
29,42,Laptop,Home,Laptop for Home category with premium quality and smart features,2,740.37
52,49,Laptop,Home,Laptop for Home category with premium quality and smart features,4,589.24
14,56,T-Shirt,Books,T-Shirt for Books category with premium quality and smart features,5,460.44
100,48,Backpack,Books,Backpack for Books category with premium quality and smart features,2,635.7
70,26,Headphones,Sports,Headphones for Sports category with premium quality and smart features,1,695.29
16,36,Laptop,Books,Laptop for Books category with premium quality and smart features,4,463.99
44,44,Football,Home,Football for Home category with premium quality and smart features,3,607.6
164,79,Perfume,Books,Perfume for Books category with premium quality and smart features,5,856.45
23,53,Blender,Toys,Blender for Toys category with premium quality and smart features,2,595.67
119,36,Keyboard,Electronics,Keyboard for Electronics category with premium quality and smart features,4,738.82
64,32,Novel,Sports,Novel for Sports category with premium quality and smart features,5,230.18
152,20,Novel,Electronics,Novel for Electronics category with premium quality and smart features,1,49.66
121,65,Novel,Electronics,Novel for Electronics category with premium quality and smart features,5,400.38
179,13,Backpack,Toys,Backpack for Toys category with premium quality and smart features,2,92.26
193,2,T-Shirt,Groceries,T-Shirt for Groceries category with premium quality and smart features,2,364.82
62,12,Backpack,Electronics,Backpack for Electronics category with premium quality and smart features,3,170.18
118,74,Backpack,Electronics,Backpack for Electronics category with premium quality and smart features,4,774.12
181,52,Camera,Books,Camera for Books category with premium quality and smart features,3,630.54
181,1,Novel,Fashion,Novel for Fashion category with premium quality and smart features,3,535.61
76,55,Keyboard,Beauty,Keyboard for Beauty category with premium quality and smart features,5,547.01
54,11,Keyboard,Sports,Keyboard for Sports category with premium quality and smart features,1,519.59
173,47,Laptop,Electronics,Laptop for Electronics category with premium quality and smart features,4,371.93
159,6,Cookware,Sports,Cookware for Sports category with premium quality and smart features,2,651.69
181,9,Headphones,Home,Headphones for Home category with premium quality and smart features,3,246.25
30,62,Camera,Home,Camera for Home category with premium quality and smart features,2,327.26
69,65,Sneakers,Groceries,Sneakers for Groceries category with premium quality and smart features,1,72.74
89,58,Watch,Toys,Watch for Toys category with premium quality and smart features,5,831.26
121,69,Backpack,Beauty,Backpack for Beauty category with premium quality and smart features,5,374.46
173,9,Football,Home,Football for Home category with premium quality and smart features,4,96.44
101,23,Laptop,Beauty,Laptop for Beauty category with premium quality and smart features,1,173.12
29,19,Headphones,Toys,Headphones for Toys category with premium quality and smart features,2,525.48
161,3,Novel,Beauty,Novel for Beauty category with premium quality and smart features,5,932.4
122,45,Backpack,Groceries,Backpack for Groceries category with premium quality and smart features,1,298.6
17,3,Blender,Home,Blender for Home category with premium quality and smart features,5,648.23
106,75,Gaming Mouse,Sports,Gaming Mouse for Sports category with premium quality and smart features,3,491.29
171,68,Backpack,Toys,Backpack for Toys category with premium quality and smart features,3,571.58
79,22,T-Shirt,Beauty,T-Shirt for Beauty category with premium quality and smart features,4,378.18
74,7,Cookware,Books,Cookware for Books category with premium quality and smart features,3,461.37
43,80,Keyboard,Books,Keyboard for Books category with premium quality and smart features,5,292.39
45,20,T-Shirt,Books,T-Shirt for Books category with premium quality and smart features,1,50.74
82,74,Backpack,Books,Backpack for Books category with premium quality and smart features,3,375.98
53,72,Gaming Mouse,Electronics,Gaming Mouse for Electronics category with premium quality and smart features,3,978.24
38,48,Watch,Toys,Watch for Toys category with premium quality and smart features,2,538.31
32,4,Football,Groceries,Football for Groceries category with premium quality and smart features,4,770.83
118,41,Smartphone,Books,Smartphone for Books category with premium quality and smart features,5,975.85
85,38,Football,Toys,Football for Toys category with premium quality and smart features,3,969.91
194,74,Camera,Books,Camera for Books category with premium quality and smart features,5,731.26
114,44,Keyboard,Fashion,Keyboard for Fashion category with premium quality and smart features,4,901.17
36,71,Sneakers,Fashion,Sneakers for Fashion category with premium quality and smart features,1,407.61
57,58,Laptop,Sports,Laptop for Sports category with premium quality and smart features,3,64.48
165,25,Camera,Home,Camera for Home category with premium quality and smart features,3,203.76
22,69,Gaming Mouse,Toys,Gaming Mouse for Toys category with premium quality and smart features,1,976.08
101,25,Cookware,Toys,Cookware for Toys category with premium quality and smart features,5,609.03
15,47,Headphones,Groceries,Headphones for Groceries category with premium quality and smart features,4,375.93
96,2,Cookware,Beauty,Cookware for Beauty category with premium quality and smart features,3,315.0
115,72,T-Shirt,Fashion,T-Shirt for Fashion category with premium quality and smart features,4,744.11
107,57,Headphones,Beauty,Headphones for Beauty category with premium quality and smart features,4,731.32
107,18,Headphones,Fashion,Headphones for Fashion category with premium quality and smart features,2,310.2
135,43,Football,Fashion,Football for Fashion category with premium quality and smart features,5,758.55
23,1,Gaming Mouse,Groceries,Gaming Mouse for Groceries category with premium quality and smart features,3,420.37
143,60,T-Shirt,Books,T-Shirt for Books category with premium quality and smart features,2,833.96
75,71,Smartphone,Toys,Smartphone for Toys category with premium quality and smart features,3,836.24
78,64,T-Shirt,Toys,T-Shirt for Toys category with premium quality and smart features,1,793.31
40,34,Gaming Mouse,Beauty,Gaming Mouse for Beauty category with premium quality and smart features,4,132.94
171,37,Headphones,Groceries,Headphones for Groceries category with premium quality and smart features,4,907.73
166,32,Laptop,Electronics,Laptop for Electronics category with premium quality and smart features,3,498.12
18,77,Perfume,Sports,Perfume for Sports category with premium quality and smart features,4,569.92
67,61,Cookware,Fashion,Cookware for Fashion category with premium quality and smart features,5,735.63
5,34,Perfume,Books,Perfume for Books category with premium quality and smart features,1,154.68
119,18,Headphones,Sports,Headphones for Sports category with premium quality and smart features,1,279.94
108,46,Sneakers,Electronics,Sneakers for Electronics category with premium quality and smart features,3,534.32
20,66,Camera,Home,Camera for Home category with premium quality and smart features,2,767.04
154,22,Blender,Sports,Blender for Sports category with premium quality and smart features,3,828.55
176,39,Gaming Mouse,Beauty,Gaming Mouse for Beauty category with premium quality and smart features,3,104.88
149,46,Smartphone,Books,Smartphone for Books category with premium quality and smart features,2,522.99
96,63,Cookware,Groceries,Cookware for Groceries category with premium quality and smart features,2,111.39
40,65,Blender,Home,Blender for Home category with premium quality and smart features,2,797.16
144,79,Novel,Fashion,Novel for Fashion category with premium quality and smart features,4,916.87
30,17,Backpack,Electronics,Backpack for Electronics category with premium quality and smart features,3,318.46
93,18,Football,Toys,Football for Toys category with premium quality and smart features,5,527.89
88,23,Smartphone,Beauty,Smartphone for Beauty category with premium quality and smart features,1,230.13
178,19,Sneakers,Home,Sneakers for Home category with premium quality and smart features,2,217.74
21,55,Laptop,Fashion,Laptop for Fashion category with premium quality and smart features,1,776.95
194,56,T-Shirt,Electronics,T-Shirt for Electronics category with premium quality and smart features,1,42.46
169,66,Backpack,Electronics,Backpack for Electronics category with premium quality and smart features,1,909.44
12,9,Gaming Mouse,Beauty,Gaming Mouse for Beauty category with premium quality and smart features,1,757.0
32,78,Perfume,Home,Perfume for Home category with premium quality and smart features,2,192.93
90,4,Headphones,Fashion,Headphones for Fashion category with premium quality and smart features,3,949.3
90,46,Blender,Books,Blender for Books category with premium quality and smart features,5,782.99
157,31,Laptop,Fashion,Laptop for Fashion category with premium quality and smart features,5,765.61
136,28,Sneakers,Home,Sneakers for Home category with premium quality and smart features,2,902.64
138,1,Football,Fashion,Football for Fashion category with premium quality and smart features,2,921.27
182,61,Keyboard,Sports,Keyboard for Sports category with premium quality and smart features,5,193.27
173,14,Blender,Books,Blender for Books category with premium quality and smart features,3,981.49
109,28,Novel,Home,Novel for Home category with premium quality and smart features,1,763.8
81,16,Laptop,Toys,Laptop for Toys category with premium quality and smart features,5,144.55
196,47,Watch,Beauty,Watch for Beauty category with premium quality and smart features,1,91.43
127,15,Sneakers,Groceries,Sneakers for Groceries category with premium quality and smart features,4,604.39
80,57,Watch,Home,Watch for Home category with premium quality and smart features,4,297.68
110,25,Football,Fashion,Football for Fashion category with premium quality and smart features,4,939.69
95,23,Gaming Mouse,Electronics,Gaming Mouse for Electronics category with premium quality and smart features,4,675.37
102,57,Laptop,Fashion,Laptop for Fashion category with premium quality and smart features,2,400.86
178,76,Keyboard,Fashion,Keyboard for Fashion category with premium quality and smart features,2,74.06
51,44,Perfume,Home,Perfume for Home category with premium quality and smart features,4,131.53
109,64,Camera,Beauty,Camera for Beauty category with premium quality and smart features,5,597.71
194,52,Backpack,Sports,Backpack for Sports category with premium quality and smart features,5,950.64
125,66,Headphones,Beauty,Headphones for Beauty category with premium quality and smart features,4,116.96
65,63,T-Shirt,Toys,T-Shirt for Toys category with premium quality and smart features,2,39.43
189,7,Backpack,Fashion,Backpack for Fashion category with premium quality and smart features,1,972.35
98,78,Headphones,Sports,Headphones for Sports category with premium quality and smart features,3,625.75
25,10,Camera,Toys,Camera for Toys category with premium quality and smart features,4,209.91
170,64,Watch,Toys,Watch for Toys category with premium quality and smart features,3,547.01
139,70,Camera,Electronics,Camera for Electronics category with premium quality and smart features,1,990.8
31,50,Cookware,Toys,Cookware for Toys category with premium quality and smart features,4,448.13
10,5,Watch,Books,Watch for Books category with premium quality and smart features,3,885.85
43,63,Headphones,Groceries,Headphones for Groceries category with premium quality and smart features,3,718.57
125,15,Gaming Mouse,Toys,Gaming Mouse for Toys category with premium quality and smart features,5,688.52
147,61,Watch,Toys,Watch for Toys category with premium quality and smart features,2,511.62
101,34,Perfume,Toys,Perfume for Toys category with premium quality and smart features,4,620.77
91,37,Smartphone,Sports,Smartphone for Sports category with premium quality and smart features,1,594.56
33,47,Camera,Sports,Camera for Sports category with premium quality and smart features,5,36.63
161,44,Laptop,Groceries,Laptop for Groceries category with premium quality and smart features,4,351.69
92,53,Smartphone,Sports,Smartphone for Sports category with premium quality and smart features,2,255.14
166,40,Football,Fashion,Football for Fashion category with premium quality and smart features,1,870.25
30,44,Smartphone,Books,Smartphone for Books category with premium quality and smart features,5,332.86
118,55,Sneakers,Groceries,Sneakers for Groceries category with premium quality and smart features,1,699.0
151,3,Novel,Sports,Novel for Sports category with premium quality and smart features,5,396.4
147,13,Laptop,Toys,Laptop for Toys category with premium quality and smart features,2,342.61
129,44,Perfume,Books,Perfume for Books category with premium quality and smart features,3,369.7
112,26,Gaming Mouse,Toys,Gaming Mouse for Toys category with premium quality and smart features,1,841.98
138,28,Sneakers,Beauty,Sneakers for Beauty category with premium quality and smart features,1,304.35
147,52,Perfume,Home,Perfume for Home category with premium quality and smart features,1,720.53
149,13,Sneakers,Sports,Sneakers for Sports category with premium quality and smart features,1,570.76
136,61,T-Shirt,Groceries,T-Shirt for Groceries category with premium quality and smart features,3,797.7
167,39,Novel,Beauty,Novel for Beauty category with premium quality and smart features,5,320.22
107,52,Perfume,Beauty,Perfume for Beauty category with premium quality and smart features,5,458.7
196,71,Football,Books,Football for Books category with premium quality and smart features,1,631.57
133,24,T-Shirt,Toys,T-Shirt for Toys category with premium quality and smart features,4,275.26
164,69,Football,Groceries,Football for Groceries category with premium quality and smart features,5,729.35
16,67,Cookware,Home,Cookware for Home category with premium quality and smart features,4,156.27
39,39,Novel,Groceries,Novel for Groceries category with premium quality and smart features,3,861.58
17,27,Sneakers,Groceries,Sneakers for Groceries category with premium quality and smart features,3,649.58
66,77,Novel,Home,Novel for Home category with premium quality and smart features,2,122.42
50,4,Camera,Home,Camera for Home category with premium quality and smart features,3,469.52
144,56,Gaming Mouse,Groceries,Gaming Mouse for Groceries category with premium quality and smart features,1,209.97
70,18,Sneakers,Electronics,Sneakers for Electronics category with premium quality and smart features,3,662.08
46,6,Camera,Toys,Camera for Toys category with premium quality and smart features,1,64.77
22,41,Blender,Beauty,Blender for Beauty category with premium quality and smart features,1,901.57
105,47,Novel,Fashion,Novel for Fashion category with premium quality and smart features,2,243.68
147,65,Watch,Fashion,Watch for Fashion category with premium quality and smart features,5,950.18
135,33,Football,Toys,Football for Toys category with premium quality and smart features,1,245.7
32,41,Blender,Sports,Blender for Sports category with premium quality and smart features,5,739.86
192,31,T-Shirt,Groceries,T-Shirt for Groceries category with premium quality and smart features,2,115.75
55,36,Novel,Toys,Novel for Toys category with premium quality and smart features,3,864.27
15,63,Keyboard,Sports,Keyboard for Sports category with premium quality and smart features,1,323.33
109,61,Sneakers,Home,Sneakers for Home category with premium quality and smart features,2,369.37
184,48,Smartphone,Beauty,Smartphone for Beauty category with premium quality and smart features,5,44.46
190,7,Sneakers,Home,Sneakers for Home category with premium quality and smart features,5,390.84
164,47,Watch,Fashion,Watch for Fashion category with premium quality and smart features,2,859.07
100,2,Football,Groceries,Football for Groceries category with premium quality and smart features,3,307.88
194,31,T-Shirt,Beauty,T-Shirt for Beauty category with premium quality and smart features,2,916.73
162,41,Camera,Groceries,Camera for Groceries category with premium quality and smart features,1,281.3
21,63,Keyboard,Toys,Keyboard for Toys category with premium quality and smart features,4,927.23
86,55,Blender,Fashion,Blender for Fashion category with premium quality and smart features,2,701.5
130,9,Novel,Sports,Novel for Sports category with premium quality and smart features,5,731.94
141,42,Keyboard,Toys,Keyboard for Toys category with premium quality and smart features,1,764.36
165,24,Camera,Toys,Camera for Toys category with premium quality and smart features,2,13.05
52,40,Perfume,Sports,Perfume for Sports category with premium quality and smart features,1,119.72
64,67,Blender,Books,Blender for Books category with premium quality and smart features,5,688.9
82,58,Blender,Toys,Blender for Toys category with premium quality and smart features,2,268.07
176,76,Camera,Sports,Camera for Sports category with premium quality and smart features,3,206.68
107,48,Novel,Books,Novel for Books category with premium quality and smart features,4,945.31
147,29,Smartphone,Electronics,Smartphone for Electronics category with premium quality and smart features,5,650.64
161,30,Backpack,Fashion,Backpack for Fashion category with premium quality and smart features,2,269.17
44,7,Perfume,Groceries,Perfume for Groceries category with premium quality and smart features,4,604.39
39,12,Headphones,Sports,Headphones for Sports category with premium quality and smart features,5,126.18
184,68,Camera,Groceries,Camera for Groceries category with premium quality and smart features,4,828.98
127,16,Keyboard,Home,Keyboard for Home category with premium quality and smart features,2,198.64
69,37,Novel,Toys,Novel for Toys category with premium quality and smart features,2,437.0
53,77,Blender,Home,Blender for Home category with premium quality and smart features,3,729.44
49,54,Novel,Books,Novel for Books category with premium quality and smart features,2,38.49
68,31,Football,Toys,Football for Toys category with premium quality and smart features,2,375.94
176,59,Smartphone,Fashion,Smartphone for Fashion category with premium quality and smart features,4,141.87
83,51,Keyboard,Home,Keyboard for Home category with premium quality and smart features,4,711.37
189,77,Laptop,Beauty,Laptop for Beauty category with premium quality and smart features,1,561.43
14,43,Backpack,Home,Backpack for Home category with premium quality and smart features,3,996.77
172,77,Smartphone,Electronics,Smartphone for Electronics category with premium quality and smart features,3,509.5
98,39,Gaming Mouse,Groceries,Gaming Mouse for Groceries category with premium quality and smart features,3,140.92
144,6,Sneakers,Books,Sneakers for Books category with premium quality and smart features,2,508.71
87,60,Laptop,Books,Laptop for Books category with premium quality and smart features,3,713.15
111,19,Laptop,Beauty,Laptop for Beauty category with premium quality and smart features,3,53.72
33,64,Keyboard,Beauty,Keyboard for Beauty category with premium quality and smart features,3,926.97
73,34,Watch,Beauty,Watch for Beauty category with premium quality and smart features,3,441.42
43,41,Camera,Toys,Camera for Toys category with premium quality and smart features,2,560.12
169,57,T-Shirt,Electronics,T-Shirt for Electronics category with premium quality and smart features,2,64.02
47,5,Sneakers,Toys,Sneakers for Toys category with premium quality and smart features,2,708.9
112,15,Smartphone,Toys,Smartphone for Toys category with premium quality and smart features,4,362.95
182,72,Backpack,Toys,Backpack for Toys category with premium quality and smart features,4,121.37
185,19,Cookware,Fashion,Cookware for Fashion category with premium quality and smart features,1,211.7
73,24,Keyboard,Books,Keyboard for Books category with premium quality and smart features,5,824.35
145,75,Perfume,Home,Perfume for Home category with premium quality and smart features,1,530.76
147,24,Football,Groceries,Football for Groceries category with premium quality and smart features,1,253.7
128,13,Smartphone,Sports,Smartphone for Sports category with premium quality and smart features,3,684.5
175,16,Cookware,Groceries,Cookware for Groceries category with premium quality and smart features,5,929.86
28,42,Smartphone,Books,Smartphone for Books category with premium quality and smart features,1,465.63
182,62,Gaming Mouse,Toys,Gaming Mouse for Toys category with premium quality and smart features,3,598.26
2,43,Gaming Mouse,Electronics,Gaming Mouse for Electronics category with premium quality and smart features,5,951.39
84,73,T-Shirt,Books,T-Shirt for Books category with premium quality and smart features,1,803.54
73,42,Keyboard,Electronics,Keyboard for Electronics category with premium quality and smart features,1,551.68
155,49,Novel,Fashion,Novel for Fashion category with premium quality and smart features,3,186.23
198,52,Smartphone,Fashion,Smartphone for Fashion category with premium quality and smart features,2,171.31
200,52,Gaming Mouse,Beauty,Gaming Mouse for Beauty category with premium quality and smart features,2,129.4
126,56,Football,Beauty,Football for Beauty category with premium quality and smart features,5,139.97
171,13,Watch,Sports,Watch for Sports category with premium quality and smart features,2,494.73
100,61,Perfume,Beauty,Perfume for Beauty category with premium quality and smart features,5,428.84
194,55,Perfume,Sports,Perfume for Sports category with premium quality and smart features,2,439.76
110,12,Watch,Electronics,Watch for Electronics category with premium quality and smart features,3,973.54
174,29,Football,Books,Football for Books category with premium quality and smart features,4,532.01
166,68,Sneakers,Fashion,Sneakers for Fashion category with premium quality and smart features,4,442.98
123,39,Headphones,Books,Headphones for Books category with premium quality and smart features,3,843.12
134,55,Perfume,Beauty,Perfume for Beauty category with premium quality and smart features,1,555.48
12,66,Watch,Fashion,Watch for Fashion category with premium quality and smart features,4,418.89
119,73,Cookware,Beauty,Cookware for Beauty category with premium quality and smart features,3,589.71
197,65,Laptop,Electronics,Laptop for Electronics category with premium quality and smart features,4,187.76
47,51,Laptop,Electronics,Laptop for Electronics category with premium quality and smart features,4,877.99
77,41,Camera,Toys,Camera for Toys category with premium quality and smart features,4,627.57
68,44,T-Shirt,Books,T-Shirt for Books category with premium quality and smart features,2,87.44
155,34,Novel,Fashion,Novel for Fashion category with premium quality and smart features,5,27.74
102,15,Headphones,Electronics,Headphones for Electronics category with premium quality and smart features,4,465.56
104,78,Sneakers,Toys,Sneakers for Toys category with premium quality and smart features,5,815.0
158,47,Camera,Groceries,Camera for Groceries category with premium quality and smart features,3,96.76
35,2,Laptop,Home,Laptop for Home category with premium quality and smart features,1,699.07
49,4,Backpack,Home,Backpack for Home category with premium quality and smart features,2,653.24
112,69,Laptop,Home,Laptop for Home category with premium quality and smart features,3,772.02
38,61,Smartphone,Groceries,Smartphone for Groceries category with premium quality and smart features,1,174.44
40,57,Backpack,Toys,Backpack for Toys category with premium quality and smart features,1,861.2
150,32,Sneakers,Home,Sneakers for Home category with premium quality and smart features,5,831.16
101,7,Smartphone,Sports,Smartphone for Sports category with premium quality and smart features,1,634.11
183,56,Blender,Groceries,Blender for Groceries category with premium quality and smart features,4,739.71
153,71,Smartphone,Beauty,Smartphone for Beauty category with premium quality and smart features,4,405.68
132,76,T-Shirt,Toys,T-Shirt for Toys category with premium quality and smart features,1,533.03
109,74,Watch,Sports,Watch for Sports category with premium quality and smart features,1,275.17
166,54,Laptop,Toys,Laptop for Toys category with premium quality and smart features,4,626.47
166,45,Keyboard,Toys,Keyboard for Toys category with premium quality and smart features,4,30.6
74,25,Cookware,Toys,Cookware for Toys category with premium quality and smart features,4,239.78
57,76,Football,Sports,Football for Sports category with premium quality and smart features,5,854.92
184,60,Football,Books,Football for Books category with premium quality and smart features,3,725.77
100,54,Camera,Sports,Camera for Sports category with premium quality and smart features,4,801.76
42,80,Sneakers,Home,Sneakers for Home category with premium quality and smart features,1,670.39
34,23,Headphones,Home,Headphones for Home category with premium quality and smart features,5,497.26
107,64,T-Shirt,Beauty,T-Shirt for Beauty category with premium quality and smart features,2,561.26
5,46,Cookware,Beauty,Cookware for Beauty category with premium quality and smart features,2,182.97
129,5,Cookware,Fashion,Cookware for Fashion category with premium quality and smart features,4,122.83
59,16,Backpack,Home,Backpack for Home category with premium quality and smart features,3,993.73
91,6,Football,Beauty,Football for Beauty category with premium quality and smart features,2,854.87
132,78,Keyboard,Fashion,Keyboard for Fashion category with premium quality and smart features,1,927.37
113,59,Laptop,Fashion,Laptop for Fashion category with premium quality and smart features,5,613.56
27,72,Watch,Electronics,Watch for Electronics category with premium quality and smart features,1,175.38
31,27,Headphones,Sports,Headphones for Sports category with premium quality and smart features,3,711.08
196,65,Keyboard,Toys,Keyboard for Toys category with premium quality and smart features,1,162.75
94,43,Laptop,Books,Laptop for Books category with premium quality and smart features,2,444.72
107,1,Blender,Home,Blender for Home category with premium quality and smart features,4,347.91
130,22,Sneakers,Fashion,Sneakers for Fashion category with premium quality and smart features,3,718.05
107,47,Headphones,Home,Headphones for Home category with premium quality and smart features,5,427.5
59,18,Novel,Groceries,Novel for Groceries category with premium quality and smart features,4,899.08
133,47,Backpack,Electronics,Backpack for Electronics category with premium quality and smart features,2,772.45
184,67,Laptop,Fashion,Laptop for Fashion category with premium quality and smart features,3,321.66
198,22,Smartphone,Groceries,Smartphone for Groceries category with premium quality and smart features,4,761.6
170,20,Gaming Mouse,Electronics,Gaming Mouse for Electronics category with premium quality and smart features,5,972.93
108,52,Keyboard,Beauty,Keyboard for Beauty category with premium quality and smart features,3,910.14
3,36,Keyboard,Books,Keyboard for Books category with premium quality and smart features,4,451.73
53,70,Keyboard,Toys,Keyboard for Toys category with premium quality and smart features,3,888.8
167,52,Football,Home,Football for Home category with premium quality and smart features,3,93.44
138,43,Keyboard,Groceries,Keyboard for Groceries category with premium quality and smart features,2,525.27
139,37,Laptop,Home,Laptop for Home category with premium quality and smart features,5,556.27
134,44,Smartphone,Books,Smartphone for Books category with premium quality and smart features,1,891.42
139,76,T-Shirt,Beauty,T-Shirt for Beauty category with premium quality and smart features,3,729.24
130,15,Blender,Electronics,Blender for Electronics category with premium quality and smart features,3,267.16
130,46,Smartphone,Fashion,Smartphone for Fashion category with premium quality and smart features,1,454.25
147,1,Cookware,Toys,Cookware for Toys category with premium quality and smart features,2,807.33
149,73,Cookware,Home,Cookware for Home category with premium quality and smart features,3,291.69
184,74,Keyboard,Books,Keyboard for Books category with premium quality and smart features,4,524.47
64,14,Watch,Sports,Watch for Sports category with premium quality and smart features,5,200.63
200,47,Laptop,Toys,Laptop for Toys category with premium quality and smart features,2,714.52
106,11,Smartphone,Fashion,Smartphone for Fashion category with premium quality and smart features,4,889.62
122,28,Laptop,Toys,Laptop for Toys category with premium quality and smart features,3,680.05
104,76,Blender,Groceries,Blender for Groceries category with premium quality and smart features,3,588.46
163,55,Keyboard,Toys,Keyboard for Toys category with premium quality and smart features,4,734.4
107,21,Watch,Books,Watch for Books category with premium quality and smart features,2,489.92
118,17,Keyboard,Fashion,Keyboard for Fashion category with premium quality and smart features,2,460.88
9,21,Football,Sports,Football for Sports category with premium quality and smart features,1,605.58
105,15,Cookware,Fashion,Cookware for Fashion category with premium quality and smart features,5,296.69
134,20,Cookware,Fashion,Cookware for Fashion category with premium quality and smart features,3,991.11
78,38,Smartphone,Toys,Smartphone for Toys category with premium quality and smart features,2,150.72
151,54,Football,Electronics,Football for Electronics category with premium quality and smart features,3,890.17
56,24,Smartphone,Toys,Smartphone for Toys category with premium quality and smart features,1,552.06
18,6,Backpack,Groceries,Backpack for Groceries category with premium quality and smart features,5,316.6
116,44,Backpack,Groceries,Backpack for Groceries category with premium quality and smart features,5,141.48
36,65,Camera,Toys,Camera for Toys category with premium quality and smart features,4,670.55
39,42,Camera,Fashion,Camera for Fashion category with premium quality and smart features,5,667.86
105,50,Football,Home,Football for Home category with premium quality and smart features,4,345.61
12,57,Gaming Mouse,Beauty,Gaming Mouse for Beauty category with premium quality and smart features,1,867.29
182,4,Watch,Beauty,Watch for Beauty category with premium quality and smart features,1,647.48
22,25,Perfume,Electronics,Perfume for Electronics category with premium quality and smart features,5,197.5
122,65,Laptop,Electronics,Laptop for Electronics category with premium quality and smart features,5,187.95
5,36,T-Shirt,Home,T-Shirt for Home category with premium quality and smart features,5,449.79
137,78,Novel,Sports,Novel for Sports category with premium quality and smart features,5,54.53
6,44,Headphones,Groceries,Headphones for Groceries category with premium quality and smart features,4,33.82
136,41,Sneakers,Groceries,Sneakers for Groceries category with premium quality and smart features,1,123.5
26,70,Sneakers,Books,Sneakers for Books category with premium quality and smart features,2,190.84
197,12,Sneakers,Books,Sneakers for Books category with premium quality and smart features,4,681.82
16,79,Headphones,Sports,Headphones for Sports category with premium quality and smart features,1,716.17
77,50,Cookware,Fashion,Cookware for Fashion category with premium quality and smart features,2,418.69
83,34,Blender,Groceries,Blender for Groceries category with premium quality and smart features,1,61.36
62,77,Backpack,Home,Backpack for Home category with premium quality and smart features,5,754.87
99,15,Smartphone,Beauty,Smartphone for Beauty category with premium quality and smart features,3,470.18
105,9,Smartphone,Toys,Smartphone for Toys category with premium quality and smart features,4,637.21
5,35,T-Shirt,Fashion,T-Shirt for Fashion category with premium quality and smart features,5,655.04
33,39,Backpack,Groceries,Backpack for Groceries category with premium quality and smart features,1,847.82
129,27,Cookware,Books,Cookware for Books category with premium quality and smart features,5,985.46
63,69,Football,Groceries,Football for Groceries category with premium quality and smart features,5,457.22
1,60,Gaming Mouse,Beauty,Gaming Mouse for Beauty category with premium quality and smart features,2,10.54
124,35,Blender,Beauty,Blender for Beauty category with premium quality and smart features,4,999.25
162,28,Smartphone,Beauty,Smartphone for Beauty category with premium quality and smart features,2,741.79
145,9,Laptop,Beauty,Laptop for Beauty category with premium quality and smart features,4,701.45
36,72,Football,Beauty,Football for Beauty category with premium quality and smart features,4,218.74
130,41,Gaming Mouse,Sports,Gaming Mouse for Sports category with premium quality and smart features,3,979.84
182,58,T-Shirt,Beauty,T-Shirt for Beauty category with premium quality and smart features,3,348.21
118,77,Smartphone,Sports,Smartphone for Sports category with premium quality and smart features,2,649.98
1,78,Smartphone,Toys,Smartphone for Toys category with premium quality and smart features,1,675.98
106,72,Camera,Toys,Camera for Toys category with premium quality and smart features,4,542.75
167,10,Football,Electronics,Football for Electronics category with premium quality and smart features,4,675.52
91,49,Novel,Sports,Novel for Sports category with premium quality and smart features,2,840.75
179,2,Backpack,Fashion,Backpack for Fashion category with premium quality and smart features,3,936.89
114,2,Keyboard,Home,Keyboard for Home category with premium quality and smart features,1,760.84
175,46,Laptop,Home,Laptop for Home category with premium quality and smart features,5,628.98
184,29,Backpack,Home,Backpack for Home category with premium quality and smart features,3,46.43
127,78,Smartphone,Home,Smartphone for Home category with premium quality and smart features,2,984.42
164,51,Blender,Fashion,Blender for Fashion category with premium quality and smart features,3,573.41
127,22,Gaming Mouse,Home,Gaming Mouse for Home category with premium quality and smart features,5,675.45
155,73,Laptop,Books,Laptop for Books category with premium quality and smart features,5,136.96
17,17,Football,Beauty,Football for Beauty category with premium quality and smart features,5,856.92
134,36,Blender,Home,Blender for Home category with premium quality and smart features,1,992.03
178,69,Gaming Mouse,Beauty,Gaming Mouse for Beauty category with premium quality and smart features,5,884.27
1,55,Blender,Electronics,Blender for Electronics category with premium quality and smart features,3,438.22
105,36,Gaming Mouse,Fashion,Gaming Mouse for Fashion category with premium quality and smart features,5,471.92
93,67,Football,Electronics,Football for Electronics category with premium quality and smart features,2,56.5
108,69,Cookware,Toys,Cookware for Toys category with premium quality and smart features,1,397.94
86,11,Keyboard,Electronics,Keyboard for Electronics category with premium quality and smart features,2,978.31
109,10,T-Shirt,Home,T-Shirt for Home category with premium quality and smart features,2,335.93
17,13,Backpack,Electronics,Backpack for Electronics category with premium quality and smart features,4,809.98
152,43,T-Shirt,Beauty,T-Shirt for Beauty category with premium quality and smart features,1,478.84
88,7,Watch,Sports,Watch for Sports category with premium quality and smart features,2,944.11
199,77,Camera,Toys,Camera for Toys category with premium quality and smart features,1,629.1
149,16,Smartphone,Fashion,Smartphone for Fashion category with premium quality and smart features,1,383.62
178,9,Smartphone,Books,Smartphone for Books category with premium quality and smart features,4,64.24
157,56,Laptop,Fashion,Laptop for Fashion category with premium quality and smart features,1,563.67
76,49,Laptop,Groceries,Laptop for Groceries category with premium quality and smart features,5,754.44
60,77,Backpack,Electronics,Backpack for Electronics category with premium quality and smart features,4,469.57
110,80,Cookware,Fashion,Cookware for Fashion category with premium quality and smart features,1,459.54
85,76,Laptop,Home,Laptop for Home category with premium quality and smart features,1,22.17
183,9,Football,Home,Football for Home category with premium quality and smart features,5,134.72
131,33,Novel,Sports,Novel for Sports category with premium quality and smart features,4,727.38
114,24,Headphones,Home,Headphones for Home category with premium quality and smart features,1,69.89
80,75,Watch,Groceries,Watch for Groceries category with premium quality and smart features,3,318.08
139,19,Backpack,Books,Backpack for Books category with premium quality and smart features,3,607.3
75,48,Watch,Electronics,Watch for Electronics category with premium quality and smart features,5,661.1
38,8,Watch,Home,Watch for Home category with premium quality and smart features,5,860.12
109,45,T-Shirt,Home,T-Shirt for Home category with premium quality and smart features,2,787.41
88,25,Keyboard,Toys,Keyboard for Toys category with premium quality and smart features,4,603.76
85,75,Perfume,Sports,Perfume for Sports category with premium quality and smart features,3,424.51
42,14,Football,Toys,Football for Toys category with premium quality and smart features,1,500.97
1,29,Backpack,Home,Backpack for Home category with premium quality and smart features,5,221.01
124,43,T-Shirt,Groceries,T-Shirt for Groceries category with premium quality and smart features,4,192.4
2,47,Laptop,Electronics,Laptop for Electronics category with premium quality and smart features,3,39.72
30,19,Backpack,Beauty,Backpack for Beauty category with premium quality and smart features,2,635.02
196,47,Smartphone,Electronics,Smartphone for Electronics category with premium quality and smart features,2,205.85
45,29,Keyboard,Beauty,Keyboard for Beauty category with premium quality and smart features,2,346.42
142,32,T-Shirt,Books,T-Shirt for Books category with premium quality and smart features,1,184.32
68,13,Blender,Electronics,Blender for Electronics category with premium quality and smart features,2,385.13
29,44,Sneakers,Home,Sneakers for Home category with premium quality and smart features,4,247.75
96,22,Football,Groceries,Football for Groceries category with premium quality and smart features,1,127.31
34,25,Watch,Home,Watch for Home category with premium quality and smart features,4,697.41
82,77,Gaming Mouse,Groceries,Gaming Mouse for Groceries category with premium quality and smart features,2,921.8
196,79,Blender,Home,Blender for Home category with premium quality and smart features,5,301.24
39,42,Smartphone,Home,Smartphone for Home category with premium quality and smart features,3,874.12
131,75,T-Shirt,Toys,T-Shirt for Toys category with premium quality and smart features,1,786.82
170,79,Headphones,Fashion,Headphones for Fashion category with premium quality and smart features,5,394.23
166,66,Backpack,Sports,Backpack for Sports category with premium quality and smart features,5,469.62
83,48,Keyboard,Toys,Keyboard for Toys category with premium quality and smart features,4,479.02
149,52,T-Shirt,Electronics,T-Shirt for Electronics category with premium quality and smart features,2,895.94
116,31,T-Shirt,Groceries,T-Shirt for Groceries category with premium quality and smart features,3,430.77
97,74,Football,Books,Football for Books category with premium quality and smart features,3,261.98
22,18,Sneakers,Fashion,Sneakers for Fashion category with premium quality and smart features,4,523.63
59,75,Backpack,Electronics,Backpack for Electronics category with premium quality and smart features,5,624.91
110,58,Novel,Toys,Novel for Toys category with premium quality and smart features,4,373.84
128,41,Novel,Beauty,Novel for Beauty category with premium quality and smart features,1,187.77
60,34,Cookware,Fashion,Cookware for Fashion category with premium quality and smart features,1,301.57
129,66,Camera,Fashion,Camera for Fashion category with premium quality and smart features,3,927.34
26,16,Cookware,Fashion,Cookware for Fashion category with premium quality and smart features,1,550.57
86,26,Sneakers,Sports,Sneakers for Sports category with premium quality and smart features,3,747.76
197,36,Keyboard,Home,Keyboard for Home category with premium quality and smart features,5,998.02
193,70,Smartphone,Beauty,Smartphone for Beauty category with premium quality and smart features,3,289.03
89,52,Blender,Groceries,Blender for Groceries category with premium quality and smart features,5,760.23
4,61,Blender,Books,Blender for Books category with premium quality and smart features,4,235.3
186,27,T-Shirt,Toys,T-Shirt for Toys category with premium quality and smart features,5,591.13
142,60,Cookware,Toys,Cookware for Toys category with premium quality and smart features,1,319.94
49,55,T-Shirt,Groceries,T-Shirt for Groceries category with premium quality and smart features,4,455.47
143,4,Headphones,Sports,Headphones for Sports category with premium quality and smart features,5,875.01
79,2,Camera,Toys,Camera for Toys category with premium quality and smart features,3,346.42
108,55,Camera,Groceries,Camera for Groceries category with premium quality and smart features,5,306.64
151,3,Football,Electronics,Football for Electronics category with premium quality and smart features,2,162.15
85,73,Novel,Groceries,Novel for Groceries category with premium quality and smart features,2,949.21
17,69,T-Shirt,Groceries,T-Shirt for Groceries category with premium quality and smart features,4,117.55
146,58,Laptop,Beauty,Laptop for Beauty category with premium quality and smart features,2,113.27
142,23,Blender,Electronics,Blender for Electronics category with premium quality and smart features,5,493.73
48,26,Football,Fashion,Football for Fashion category with premium quality and smart features,4,290.98
60,38,Backpack,Fashion,Backpack for Fashion category with premium quality and smart features,1,374.97
3,22,Blender,Sports,Blender for Sports category with premium quality and smart features,4,397.19
29,17,Backpack,Groceries,Backpack for Groceries category with premium quality and smart features,1,395.1
53,17,Sneakers,Home,Sneakers for Home category with premium quality and smart features,4,819.72
171,61,Perfume,Books,Perfume for Books category with premium quality and smart features,5,939.76
151,26,Sneakers,Toys,Sneakers for Toys category with premium quality and smart features,2,17.37
37,58,Blender,Fashion,Blender for Fashion category with premium quality and smart features,4,608.8
64,68,Football,Sports,Football for Sports category with premium quality and smart features,5,880.45
118,60,Keyboard,Electronics,Keyboard for Electronics category with premium quality and smart features,1,295.03
117,45,Novel,Beauty,Novel for Beauty category with premium quality and smart features,5,825.2
45,54,Headphones,Home,Headphones for Home category with premium quality and smart features,5,735.91
118,50,Keyboard,Books,Keyboard for Books category with premium quality and smart features,5,104.58
179,6,Football,Home,Football for Home category with premium quality and smart features,2,281.04
161,69,Gaming Mouse,Beauty,Gaming Mouse for Beauty category with premium quality and smart features,1,701.06
185,28,Novel,Toys,Novel for Toys category with premium quality and smart features,5,130.02
95,10,Watch,Fashion,Watch for Fashion category with premium quality and smart features,3,416.0
43,33,Watch,Home,Watch for Home category with premium quality and smart features,1,467.55
19,60,Cookware,Groceries,Cookware for Groceries category with premium quality and smart features,4,857.22
102,5,Sneakers,Electronics,Sneakers for Electronics category with premium quality and smart features,1,712.01
35,42,Backpack,Toys,Backpack for Toys category with premium quality and smart features,4,77.55
141,32,Headphones,Toys,Headphones for Toys category with premium quality and smart features,4,822.22
42,22,Perfume,Electronics,Perfume for Electronics category with premium quality and smart features,1,185.46
32,69,Headphones,Groceries,Headphones for Groceries category with premium quality and smart features,1,674.68
3,35,Backpack,Books,Backpack for Books category with premium quality and smart features,3,186.16
183,5,Backpack,Home,Backpack for Home category with premium quality and smart features,1,838.14
134,14,Keyboard,Groceries,Keyboard for Groceries category with premium quality and smart features,3,449.55
154,1,Camera,Electronics,Camera for Electronics category with premium quality and smart features,4,769.44
64,48,T-Shirt,Home,T-Shirt for Home category with premium quality and smart features,1,25.88
8,2,Blender,Sports,Blender for Sports category with premium quality and smart features,2,683.16
17,29,Camera,Fashion,Camera for Fashion category with premium quality and smart features,2,726.77
12,54,Blender,Fashion,Blender for Fashion category with premium quality and smart features,3,329.45
161,25,Football,Home,Football for Home category with premium quality and smart features,5,401.11
110,16,T-Shirt,Home,T-Shirt for Home category with premium quality and smart features,1,363.01
45,2,Gaming Mouse,Groceries,Gaming Mouse for Groceries category with premium quality and smart features,3,21.86
55,59,Laptop,Home,Laptop for Home category with premium quality and smart features,3,653.45
95,6,Football,Fashion,Football for Fashion category with premium quality and smart features,2,416.99
197,77,Laptop,Toys,Laptop for Toys category with premium quality and smart features,5,793.35
146,22,Laptop,Beauty,Laptop for Beauty category with premium quality and smart features,5,331.11
162,50,Cookware,Books,Cookware for Books category with premium quality and smart features,2,639.0
177,41,Laptop,Toys,Laptop for Toys category with premium quality and smart features,3,27.47
150,58,Watch,Groceries,Watch for Groceries category with premium quality and smart features,2,508.39
181,2,Smartphone,Home,Smartphone for Home category with premium quality and smart features,5,761.35
32,40,Keyboard,Home,Keyboard for Home category with premium quality and smart features,4,759.67
159,11,Headphones,Electronics,Headphones for Electronics category with premium quality and smart features,3,503.74
52,20,T-Shirt,Groceries,T-Shirt for Groceries category with premium quality and smart features,1,245.68
186,77,Keyboard,Toys,Keyboard for Toys category with premium quality and smart features,3,142.92
82,6,Gaming Mouse,Groceries,Gaming Mouse for Groceries category with premium quality and smart features,3,753.05
59,43,T-Shirt,Sports,T-Shirt for Sports category with premium quality and smart features,2,543.92
171,32,Perfume,Home,Perfume for Home category with premium quality and smart features,4,526.26
47,57,Laptop,Electronics,Laptop for Electronics category with premium quality and smart features,4,79.29
50,7,T-Shirt,Books,T-Shirt for Books category with premium quality and smart features,2,100.84
152,71,T-Shirt,Home,T-Shirt for Home category with premium quality and smart features,5,87.38
186,60,Headphones,Beauty,Headphones for Beauty category with premium quality and smart features,2,252.48
46,78,Sneakers,Home,Sneakers for Home category with premium quality and smart features,3,580.66
163,26,Blender,Beauty,Blender for Beauty category with premium quality and smart features,4,89.22
93,51,Headphones,Groceries,Headphones for Groceries category with premium quality and smart features,4,446.96
130,79,Camera,Groceries,Camera for Groceries category with premium quality and smart features,2,821.41
124,3,Novel,Groceries,Novel for Groceries category with premium quality and smart features,1,761.27
77,77,Watch,Books,Watch for Books category with premium quality and smart features,2,264.72
119,40,Sneakers,Toys,Sneakers for Toys category with premium quality and smart features,4,566.52
124,10,Headphones,Sports,Headphones for Sports category with premium quality and smart features,4,203.76
49,1,Blender,Electronics,Blender for Electronics category with premium quality and smart features,5,733.06
96,63,Football,Groceries,Football for Groceries category with premium quality and smart features,4,940.88
191,48,Backpack,Groceries,Backpack for Groceries category with premium quality and smart features,3,644.64
151,10,Football,Groceries,Football for Groceries category with premium quality and smart features,1,992.55
32,50,T-Shirt,Books,T-Shirt for Books category with premium quality and smart features,4,957.53
198,45,Gaming Mouse,Toys,Gaming Mouse for Toys category with premium quality and smart features,3,699.49
167,50,Keyboard,Groceries,Keyboard for Groceries category with premium quality and smart features,2,249.93
9,47,Keyboard,Electronics,Keyboard for Electronics category with premium quality and smart features,2,268.72
117,19,T-Shirt,Beauty,T-Shirt for Beauty category with premium quality and smart features,5,582.56
170,21,Laptop,Electronics,Laptop for Electronics category with premium quality and smart features,1,647.95
99,51,Watch,Fashion,Watch for Fashion category with premium quality and smart features,2,877.25
43,55,Keyboard,Beauty,Keyboard for Beauty category with premium quality and smart features,3,505.64
137,49,Keyboard,Beauty,Keyboard for Beauty category with premium quality and smart features,4,754.94
187,12,Gaming Mouse,Fashion,Gaming Mouse for Fashion category with premium quality and smart features,5,778.92
89,19,Keyboard,Beauty,Keyboard for Beauty category with premium quality and smart features,2,930.72
102,40,Headphones,Electronics,Headphones for Electronics category with premium quality and smart features,4,11.56
18,54,Gaming Mouse,Groceries,Gaming Mouse for Groceries category with premium quality and smart features,3,735.71
44,23,Headphones,Sports,Headphones for Sports category with premium quality and smart features,2,206.04
47,65,Backpack,Fashion,Backpack for Fashion category with premium quality and smart features,5,816.23
48,26,Keyboard,Electronics,Keyboard for Electronics category with premium quality and smart features,2,811.09
50,34,Backpack,Groceries,Backpack for Groceries category with premium quality and smart features,5,118.1
163,22,Sneakers,Fashion,Sneakers for Fashion category with premium quality and smart features,1,383.95
71,9,Smartphone,Sports,Smartphone for Sports category with premium quality and smart features,5,242.43
125,13,Smartphone,Electronics,Smartphone for Electronics category with premium quality and smart features,3,754.28
2,75,Laptop,Electronics,Laptop for Electronics category with premium quality and smart features,2,527.11
2,49,Football,Beauty,Football for Beauty category with premium quality and smart features,4,478.5
87,78,Cookware,Groceries,Cookware for Groceries category with premium quality and smart features,3,685.04
88,41,Cookware,Home,Cookware for Home category with premium quality and smart features,4,384.65
15,46,Camera,Sports,Camera for Sports category with premium quality and smart features,1,13.05
179,52,Smartphone,Books,Smartphone for Books category with premium quality and smart features,5,131.67
136,36,Cookware,Home,Cookware for Home category with premium quality and smart features,4,622.17
169,61,Gaming Mouse,Groceries,Gaming Mouse for Groceries category with premium quality and smart features,2,13.1
164,42,Gaming Mouse,Electronics,Gaming Mouse for Electronics category with premium quality and smart features,3,874.7
189,42,T-Shirt,Toys,T-Shirt for Toys category with premium quality and smart features,5,489.69
190,79,Cookware,Fashion,Cookware for Fashion category with premium quality and smart features,4,939.69
122,13,Sneakers,Groceries,Sneakers for Groceries category with premium quality and smart features,5,203.13
37,67,Headphones,Electronics,Headphones for Electronics category with premium quality and smart features,4,798.85
78,71,Headphones,Toys,Headphones for Toys category with premium quality and smart features,4,955.5
124,70,T-Shirt,Home,T-Shirt for Home category with premium quality and smart features,2,178.73
169,12,Novel,Fashion,Novel for Fashion category with premium quality and smart features,1,168.63
84,50,T-Shirt,Beauty,T-Shirt for Beauty category with premium quality and smart features,3,669.27
172,16,Football,Books,Football for Books category with premium quality and smart features,5,637.21
126,12,Blender,Sports,Blender for Sports category with premium quality and smart features,2,932.46
197,77,Gaming Mouse,Fashion,Gaming Mouse for Fashion category with premium quality and smart features,3,383.24
184,49,Camera,Groceries,Camera for Groceries category with premium quality and smart features,2,231.32
30,38,Laptop,Fashion,Laptop for Fashion category with premium quality and smart features,1,346.84
152,25,Perfume,Fashion,Perfume for Fashion category with premium quality and smart features,3,136.14
81,49,Sneakers,Electronics,Sneakers for Electronics category with premium quality and smart features,1,594.16
49,50,Cookware,Groceries,Cookware for Groceries category with premium quality and smart features,3,799.54
33,67,Laptop,Home,Laptop for Home category with premium quality and smart features,4,19.1
118,41,Blender,Books,Blender for Books category with premium quality and smart features,3,838.84
128,59,Perfume,Books,Perfume for Books category with premium quality and smart features,3,154.41
171,5,Sneakers,Sports,Sneakers for Sports category with premium quality and smart features,5,990.43
32,36,Gaming Mouse,Toys,Gaming Mouse for Toys category with premium quality and smart features,2,500.08
181,49,Camera,Electronics,Camera for Electronics category with premium quality and smart features,3,161.18
184,27,Keyboard,Home,Keyboard for Home category with premium quality and smart features,1,923.93
199,23,Keyboard,Toys,Keyboard for Toys category with premium quality and smart features,4,306.11
169,21,Watch,Electronics,Watch for Electronics category with premium quality and smart features,4,344.04
174,61,Camera,Sports,Camera for Sports category with premium quality and smart features,4,397.15
136,37,Keyboard,Beauty,Keyboard for Beauty category with premium quality and smart features,2,704.1
141,51,Headphones,Fashion,Headphones for Fashion category with premium quality and smart features,3,754.74
149,7,Backpack,Beauty,Backpack for Beauty category with premium quality and smart features,2,581.39
114,62,Football,Beauty,Football for Beauty category with premium quality and smart features,2,217.67
192,26,Cookware,Electronics,Cookware for Electronics category with premium quality and smart features,5,110.93
38,49,Gaming Mouse,Groceries,Gaming Mouse for Groceries category with premium quality and smart features,2,926.73
25,46,Headphones,Toys,Headphones for Toys category with premium quality and smart features,1,126.17
132,44,Headphones,Groceries,Headphones for Groceries category with premium quality and smart features,4,252.55
31,31,Backpack,Groceries,Backpack for Groceries category with premium quality and smart features,3,691.1
45,49,Camera,Fashion,Camera for Fashion category with premium quality and smart features,4,866.25
167,49,Gaming Mouse,Beauty,Gaming Mouse for Beauty category with premium quality and smart features,4,373.65
31,15,Laptop,Fashion,Laptop for Fashion category with premium quality and smart features,4,645.0
131,29,Perfume,Electronics,Perfume for Electronics category with premium quality and smart features,5,987.48
123,36,Camera,Fashion,Camera for Fashion category with premium quality and smart features,5,189.29
124,56,Perfume,Beauty,Perfume for Beauty category with premium quality and smart features,2,108.45
17,69,Novel,Books,Novel for Books category with premium quality and smart features,1,399.86
138,68,Laptop,Toys,Laptop for Toys category with premium quality and smart features,5,838.77
138,16,Gaming Mouse,Home,Gaming Mouse for Home category with premium quality and smart features,1,188.86
154,24,Watch,Electronics,Watch for Electronics category with premium quality and smart features,4,802.51
32,6,Perfume,Books,Perfume for Books category with premium quality and smart features,2,656.11
23,72,Blender,Beauty,Blender for Beauty category with premium quality and smart features,1,93.76
32,65,Cookware,Beauty,Cookware for Beauty category with premium quality and smart features,5,179.89
169,1,Sneakers,Home,Sneakers for Home category with premium quality and smart features,1,946.75
133,38,Headphones,Toys,Headphones for Toys category with premium quality and smart features,5,495.54
81,67,Perfume,Sports,Perfume for Sports category with premium quality and smart features,5,515.48
177,13,T-Shirt,Electronics,T-Shirt for Electronics category with premium quality and smart features,1,196.19
77,28,Perfume,Books,Perfume for Books category with premium quality and smart features,5,223.88
92,36,Keyboard,Books,Keyboard for Books category with premium quality and smart features,5,427.79
141,33,Novel,Beauty,Novel for Beauty category with premium quality and smart features,2,406.06
22,33,Keyboard,Groceries,Keyboard for Groceries category with premium quality and smart features,2,540.55
19,35,Keyboard,Home,Keyboard for Home category with premium quality and smart features,3,568.01
166,66,Novel,Books,Novel for Books category with premium quality and smart features,2,323.2
112,49,Perfume,Electronics,Perfume for Electronics category with premium quality and smart features,2,86.75
32,69,Gaming Mouse,Fashion,Gaming Mouse for Fashion category with premium quality and smart features,5,412.71
85,12,Football,Sports,Football for Sports category with premium quality and smart features,3,780.29
38,29,Smartphone,Beauty,Smartphone for Beauty category with premium quality and smart features,1,383.38
57,49,Camera,Fashion,Camera for Fashion category with premium quality and smart features,1,183.97
187,40,Laptop,Toys,Laptop for Toys category with premium quality and smart features,5,355.41
147,37,Perfume,Beauty,Perfume for Beauty category with premium quality and smart features,1,897.6
44,41,Headphones,Groceries,Headphones for Groceries category with premium quality and smart features,3,808.02
174,69,Backpack,Groceries,Backpack for Groceries category with premium quality and smart features,5,136.3
3,66,Gaming Mouse,Books,Gaming Mouse for Books category with premium quality and smart features,2,151.24
146,35,Football,Electronics,Football for Electronics category with premium quality and smart features,3,710.43
64,78,Keyboard,Groceries,Keyboard for Groceries category with premium quality and smart features,4,191.27
91,60,Sneakers,Beauty,Sneakers for Beauty category with premium quality and smart features,4,525.39
184,30,Gaming Mouse,Beauty,Gaming Mouse for Beauty category with premium quality and smart features,1,947.98
105,41,Gaming Mouse,Fashion,Gaming Mouse for Fashion category with premium quality and smart features,1,85.93
62,12,Perfume,Books,Perfume for Books category with premium quality and smart features,1,93.74
74,71,Camera,Toys,Camera for Toys category with premium quality and smart features,1,962.54
109,66,Backpack,Books,Backpack for Books category with premium quality and smart features,4,519.86
174,69,Novel,Fashion,Novel for Fashion category with premium quality and smart features,1,620.12
191,1,Keyboard,Groceries,Keyboard for Groceries category with premium quality and smart features,5,752.17
63,68,Perfume,Electronics,Perfume for Electronics category with premium quality and smart features,4,965.0
173,68,Headphones,Home,Headphones for Home category with premium quality and smart features,1,373.38
35,66,Smartphone,Sports,Smartphone for Sports category with premium quality and smart features,4,500.55
44,48,Cookware,Fashion,Cookware for Fashion category with premium quality and smart features,2,833.41
197,16,Sneakers,Beauty,Sneakers for Beauty category with premium quality and smart features,4,300.61
55,1,T-Shirt,Groceries,T-Shirt for Groceries category with premium quality and smart features,3,929.82
165,66,Football,Electronics,Football for Electronics category with premium quality and smart features,4,893.57
125,8,Smartphone,Sports,Smartphone for Sports category with premium quality and smart features,5,465.75
77,46,Smartphone,Fashion,Smartphone for Fashion category with premium quality and smart features,3,891.29
48,52,Smartphone,Sports,Smartphone for Sports category with premium quality and smart features,1,436.5
51,11,Novel,Books,Novel for Books category with premium quality and smart features,1,913.98
2,20,T-Shirt,Beauty,T-Shirt for Beauty category with premium quality and smart features,4,401.41
77,47,Football,Groceries,Football for Groceries category with premium quality and smart features,2,541.06
69,14,Gaming Mouse,Toys,Gaming Mouse for Toys category with premium quality and smart features,4,170.22
91,56,Cookware,Electronics,Cookware for Electronics category with premium quality and smart features,2,119.56
73,6,Novel,Books,Novel for Books category with premium quality and smart features,4,746.48
9,21,Backpack,Home,Backpack for Home category with premium quality and smart features,3,127.6
126,71,Camera,Toys,Camera for Toys category with premium quality and smart features,2,331.64
196,52,Headphones,Groceries,Headphones for Groceries category with premium quality and smart features,1,958.1
6,17,Cookware,Books,Cookware for Books category with premium quality and smart features,5,23.51
176,31,Gaming Mouse,Electronics,Gaming Mouse for Electronics category with premium quality and smart features,3,435.37
153,2,Backpack,Groceries,Backpack for Groceries category with premium quality and smart features,3,289.4
22,55,Perfume,Home,Perfume for Home category with premium quality and smart features,2,731.96
48,32,Camera,Beauty,Camera for Beauty category with premium quality and smart features,1,865.53
180,32,T-Shirt,Groceries,T-Shirt for Groceries category with premium quality and smart features,4,709.4
27,65,T-Shirt,Books,T-Shirt for Books category with premium quality and smart features,5,632.62
39,30,Headphones,Fashion,Headphones for Fashion category with premium quality and smart features,4,47.98
50,19,Smartphone,Groceries,Smartphone for Groceries category with premium quality and smart features,5,207.65
14,49,Watch,Groceries,Watch for Groceries category with premium quality and smart features,3,703.16
60,29,Novel,Sports,Novel for Sports category with premium quality and smart features,4,70.74
110,7,Laptop,Beauty,Laptop for Beauty category with premium quality and smart features,3,369.94
90,54,Cookware,Home,Cookware for Home category with premium quality and smart features,1,189.93
1,7,T-Shirt,Sports,T-Shirt for Sports category with premium quality and smart features,3,477.34
156,13,Headphones,Groceries,Headphones for Groceries category with premium quality and smart features,3,948.84
94,43,Laptop,Beauty,Laptop for Beauty category with premium quality and smart features,1,672.26
175,71,Cookware,Books,Cookware for Books category with premium quality and smart features,3,743.88
93,76,T-Shirt,Sports,T-Shirt for Sports category with premium quality and smart features,3,217.93
99,12,Headphones,Fashion,Headphones for Fashion category with premium quality and smart features,5,129.15
151,25,Keyboard,Home,Keyboard for Home category with premium quality and smart features,4,926.25
20,70,Sneakers,Sports,Sneakers for Sports category with premium quality and smart features,4,989.75
52,69,Smartphone,Books,Smartphone for Books category with premium quality and smart features,2,199.79
141,33,Football,Sports,Football for Sports category with premium quality and smart features,3,454.0
184,16,Laptop,Groceries,Laptop for Groceries category with premium quality and smart features,4,424.81
129,3,Perfume,Books,Perfume for Books category with premium quality and smart features,3,699.74
34,38,Perfume,Electronics,Perfume for Electronics category with premium quality and smart features,1,796.45
178,25,Backpack,Groceries,Backpack for Groceries category with premium quality and smart features,5,871.55
20,22,Camera,Toys,Camera for Toys category with premium quality and smart features,5,390.31
200,50,Perfume,Groceries,Perfume for Groceries category with premium quality and smart features,3,214.86
1,21,Perfume,Home,Perfume for Home category with premium quality and smart features,1,880.36
132,59,Sneakers,Beauty,Sneakers for Beauty category with premium quality and smart features,2,303.4
69,71,Headphones,Fashion,Headphones for Fashion category with premium quality and smart features,2,55.16
61,38,Gaming Mouse,Electronics,Gaming Mouse for Electronics category with premium quality and smart features,2,942.63
72,18,Blender,Beauty,Blender for Beauty category with premium quality and smart features,1,645.99
64,27,Smartphone,Fashion,Smartphone for Fashion category with premium quality and smart features,3,636.36
95,42,Keyboard,Fashion,Keyboard for Fashion category with premium quality and smart features,5,271.4
35,53,Cookware,Beauty,Cookware for Beauty category with premium quality and smart features,1,629.7
3,46,Keyboard,Home,Keyboard for Home category with premium quality and smart features,3,184.97
5,69,Keyboard,Fashion,Keyboard for Fashion category with premium quality and smart features,4,946.2
66,78,Blender,Home,Blender for Home category with premium quality and smart features,4,228.43
69,27,Headphones,Groceries,Headphones for Groceries category with premium quality and smart features,4,239.41
186,56,Headphones,Sports,Headphones for Sports category with premium quality and smart features,4,102.75
47,59,Blender,Books,Blender for Books category with premium quality and smart features,2,196.97
126,24,Smartphone,Beauty,Smartphone for Beauty category with premium quality and smart features,3,171.29
46,51,Laptop,Home,Laptop for Home category with premium quality and smart features,2,81.33
63,59,Laptop,Groceries,Laptop for Groceries category with premium quality and smart features,5,145.92
193,2,Novel,Fashion,Novel for Fashion category with premium quality and smart features,4,30.51
4,6,T-Shirt,Books,T-Shirt for Books category with premium quality and smart features,1,274.98
161,77,Camera,Electronics,Camera for Electronics category with premium quality and smart features,1,958.04
28,70,Blender,Sports,Blender for Sports category with premium quality and smart features,1,210.3
123,73,Blender,Toys,Blender for Toys category with premium quality and smart features,2,314.31
123,20,Smartphone,Home,Smartphone for Home category with premium quality and smart features,5,695.12
161,70,Smartphone,Fashion,Smartphone for Fashion category with premium quality and smart features,1,111.79
76,14,Headphones,Groceries,Headphones for Groceries category with premium quality and smart features,1,913.05
7,30,Novel,Groceries,Novel for Groceries category with premium quality and smart features,2,359.78
74,29,Gaming Mouse,Groceries,Gaming Mouse for Groceries category with premium quality and smart features,1,496.9
29,29,Sneakers,Fashion,Sneakers for Fashion category with premium quality and smart features,3,85.53
86,16,Football,Sports,Football for Sports category with premium quality and smart features,1,896.63
155,20,Novel,Books,Novel for Books category with premium quality and smart features,5,341.5
47,55,Football,Books,Football for Books category with premium quality and smart features,3,628.51
74,45,Sneakers,Fashion,Sneakers for Fashion category with premium quality and smart features,4,665.11
68,10,Blender,Electronics,Blender for Electronics category with premium quality and smart features,2,780.01
38,41,Novel,Books,Novel for Books category with premium quality and smart features,4,724.13
123,9,Perfume,Fashion,Perfume for Fashion category with premium quality and smart features,4,959.99
72,19,Cookware,Fashion,Cookware for Fashion category with premium quality and smart features,2,190.05
99,46,Backpack,Sports,Backpack for Sports category with premium quality and smart features,4,486.48
106,78,Headphones,Sports,Headphones for Sports category with premium quality and smart features,2,389.35
141,64,Watch,Toys,Watch for Toys category with premium quality and smart features,5,823.19
99,11,Watch,Groceries,Watch for Groceries category with premium quality and smart features,5,778.83
192,29,T-Shirt,Fashion,T-Shirt for Fashion category with premium quality and smart features,3,12.84
5,47,Headphones,Toys,Headphones for Toys category with premium quality and smart features,1,68.98
90,47,Sneakers,Books,Sneakers for Books category with premium quality and smart features,4,152.7
142,54,T-Shirt,Home,T-Shirt for Home category with premium quality and smart features,2,65.31
36,16,Novel,Books,Novel for Books category with premium quality and smart features,1,699.16
109,48,Keyboard,Electronics,Keyboard for Electronics category with premium quality and smart features,1,666.12
19,62,Smartphone,Books,Smartphone for Books category with premium quality and smart features,2,371.59
21,32,Smartphone,Fashion,Smartphone for Fashion category with premium quality and smart features,5,832.76
107,20,Backpack,Books,Backpack for Books category with premium quality and smart features,2,750.63
179,39,Novel,Toys,Novel for Toys category with premium quality and smart features,3,449.53
166,2,Laptop,Beauty,Laptop for Beauty category with premium quality and smart features,2,69.4
165,5,Watch,Books,Watch for Books category with premium quality and smart features,2,20.76
109,59,Football,Beauty,Football for Beauty category with premium quality and smart features,5,506.85
182,30,Football,Groceries,Football for Groceries category with premium quality and smart features,2,279.11
24,67,Headphones,Groceries,Headphones for Groceries category with premium quality and smart features,2,406.4
15,29,Headphones,Groceries,Headphones for Groceries category with premium quality and smart features,5,609.03
20,60,Cookware,Toys,Cookware for Toys category with premium quality and smart features,4,828.98
43,7,Gaming Mouse,Sports,Gaming Mouse for Sports category with premium quality and smart features,4,202.78
28,14,Cookware,Fashion,Cookware for Fashion category with premium quality and smart features,5,781.01
86,4,Sneakers,Home,Sneakers for Home category with premium quality and smart features,2,546.15
17,28,Camera,Electronics,Camera for Electronics category with premium quality and smart features,3,195.87
52,5,Sneakers,Home,Sneakers for Home category with premium quality and smart features,1,976.9
145,6,Smartphone,Toys,Smartphone for Toys category with premium quality and smart features,1,321.43
80,2,Camera,Sports,Camera for Sports category with premium quality and smart features,3,959.15
129,25,Camera,Sports,Camera for Sports category with premium quality and smart features,4,728.43
34,13,Novel,Sports,Novel for Sports category with premium quality and smart features,5,109.99
199,20,Perfume,Electronics,Perfume for Electronics category with premium quality and smart features,4,482.18
10,38,Headphones,Books,Headphones for Books category with premium quality and smart features,4,87.97
161,12,Football,Home,Football for Home category with premium quality and smart features,2,809.4
168,19,Watch,Books,Watch for Books category with premium quality and smart features,5,992.36
156,67,Backpack,Sports,Backpack for Sports category with premium quality and smart features,2,345.63
93,80,Smartphone,Groceries,Smartphone for Groceries category with premium quality and smart features,4,246.72
157,78,Headphones,Fashion,Headphones for Fashion category with premium quality and smart features,5,631.51
128,13,Headphones,Electronics,Headphones for Electronics category with premium quality and smart features,3,551.66
23,64,Backpack,Fashion,Backpack for Fashion category with premium quality and smart features,3,178.02
76,21,Sneakers,Fashion,Sneakers for Fashion category with premium quality and smart features,5,369.69
23,10,Keyboard,Books,Keyboard for Books category with premium quality and smart features,4,265.36
122,33,Gaming Mouse,Toys,Gaming Mouse for Toys category with premium quality and smart features,2,940.43
146,63,Cookware,Electronics,Cookware for Electronics category with premium quality and smart features,3,406.93
159,17,Cookware,Toys,Cookware for Toys category with premium quality and smart features,5,846.39
81,48,Gaming Mouse,Fashion,Gaming Mouse for Fashion category with premium quality and smart features,4,510.88
68,6,Keyboard,Electronics,Keyboard for Electronics category with premium quality and smart features,2,702.75
144,2,Blender,Books,Blender for Books category with premium quality and smart features,1,297.75
41,73,Blender,Groceries,Blender for Groceries category with premium quality and smart features,1,230.82
119,12,Backpack,Sports,Backpack for Sports category with premium quality and smart features,4,646.06
120,14,Headphones,Fashion,Headphones for Fashion category with premium quality and smart features,1,918.29
102,56,Novel,Home,Novel for Home category with premium quality and smart features,3,73.83
88,78,T-Shirt,Toys,T-Shirt for Toys category with premium quality and smart features,4,123.18
117,5,Backpack,Books,Backpack for Books category with premium quality and smart features,2,643.81
82,73,Perfume,Electronics,Perfume for Electronics category with premium quality and smart features,4,71.78
93,56,T-Shirt,Toys,T-Shirt for Toys category with premium quality and smart features,1,219.38
6,55,Sneakers,Beauty,Sneakers for Beauty category with premium quality and smart features,2,92.76
18,36,Laptop,Groceries,Laptop for Groceries category with premium quality and smart features,3,875.04
116,54,Gaming Mouse,Home,Gaming Mouse for Home category with premium quality and smart features,3,192.24
14,12,Cookware,Groceries,Cookware for Groceries category with premium quality and smart features,3,172.89
90,54,Backpack,Toys,Backpack for Toys category with premium quality and smart features,5,691.94
42,56,Football,Sports,Football for Sports category with premium quality and smart features,5,395.25
3,72,Laptop,Home,Laptop for Home category with premium quality and smart features,5,620.35
83,41,Headphones,Electronics,Headphones for Electronics category with premium quality and smart features,4,934.48
128,41,Camera,Fashion,Camera for Fashion category with premium quality and smart features,4,270.17
185,1,Blender,Toys,Blender for Toys category with premium quality and smart features,2,637.95
164,75,Smartphone,Fashion,Smartphone for Fashion category with premium quality and smart features,2,748.25
49,54,Perfume,Books,Perfume for Books category with premium quality and smart features,4,223.98
54,25,Cookware,Electronics,Cookware for Electronics category with premium quality and smart features,3,26.03
79,65,Keyboard,Fashion,Keyboard for Fashion category with premium quality and smart features,4,652.42
117,53,Cookware,Groceries,Cookware for Groceries category with premium quality and smart features,3,829.9
110,67,Laptop,Sports,Laptop for Sports category with premium quality and smart features,2,464.24
96,23,Watch,Books,Watch for Books category with premium quality and smart features,4,387.75
169,56,Keyboard,Beauty,Keyboard for Beauty category with premium quality and smart features,5,938.52
26,12,Laptop,Fashion,Laptop for Fashion category with premium quality and smart features,1,620.1
106,14,Keyboard,Toys,Keyboard for Toys category with premium quality and smart features,5,927.96
26,57,Gaming Mouse,Electronics,Gaming Mouse for Electronics category with premium quality and smart features,3,853.19
55,29,Watch,Toys,Watch for Toys category with premium quality and smart features,4,123.36
121,16,Camera,Sports,Camera for Sports category with premium quality and smart features,4,418.81
166,51,Cookware,Electronics,Cookware for Electronics category with premium quality and smart features,2,512.49
69,34,Blender,Beauty,Blender for Beauty category with premium quality and smart features,4,676.57
2,54,Smartphone,Electronics,Smartphone for Electronics category with premium quality and smart features,1,161.84
96,67,Cookware,Sports,Cookware for Sports category with premium quality and smart features,2,959.57
111,31,T-Shirt,Groceries,T-Shirt for Groceries category with premium quality and smart features,5,647.99
14,74,Headphones,Groceries,Headphones for Groceries category with premium quality and smart features,4,977.58
45,52,Watch,Sports,Watch for Sports category with premium quality and smart features,2,443.03
26,17,Gaming Mouse,Fashion,Gaming Mouse for Fashion category with premium quality and smart features,5,786.44
196,34,Cookware,Books,Cookware for Books category with premium quality and smart features,2,102.32
7,56,Gaming Mouse,Electronics,Gaming Mouse for Electronics category with premium quality and smart features,5,161.52
159,70,Perfume,Fashion,Perfume for Fashion category with premium quality and smart features,4,35.04
188,17,Gaming Mouse,Toys,Gaming Mouse for Toys category with premium quality and smart features,3,194.69
168,29,T-Shirt,Beauty,T-Shirt for Beauty category with premium quality and smart features,5,842.05
186,49,Gaming Mouse,Beauty,Gaming Mouse for Beauty category with premium quality and smart features,1,282.22
37,3,Laptop,Fashion,Laptop for Fashion category with premium quality and smart features,4,927.93
32,14,Sneakers,Books,Sneakers for Books category with premium quality and smart features,3,895.66
24,10,Blender,Toys,Blender for Toys category with premium quality and smart features,3,913.59
54,51,Backpack,Fashion,Backpack for Fashion category with premium quality and smart features,1,419.61
125,10,Gaming Mouse,Home,Gaming Mouse for Home category with premium quality and smart features,4,381.5
81,58,Headphones,Books,Headphones for Books category with premium quality and smart features,3,20.04
46,73,Laptop,Electronics,Laptop for Electronics category with premium quality and smart features,3,993.8
124,79,Headphones,Electronics,Headphones for Electronics category with premium quality and smart features,5,744.28
32,25,Watch,Electronics,Watch for Electronics category with premium quality and smart features,1,522.81
195,20,Blender,Home,Blender for Home category with premium quality and smart features,3,123.64
56,4,Headphones,Sports,Headphones for Sports category with premium quality and smart features,2,92.61
178,17,Sneakers,Beauty,Sneakers for Beauty category with premium quality and smart features,4,207.25
24,45,Backpack,Beauty,Backpack for Beauty category with premium quality and smart features,4,441.7
103,25,Headphones,Beauty,Headphones for Beauty category with premium quality and smart features,2,690.19
184,36,Laptop,Groceries,Laptop for Groceries category with premium quality and smart features,5,795.22
151,40,Camera,Books,Camera for Books category with premium quality and smart features,2,954.22
125,56,Novel,Toys,Novel for Toys category with premium quality and smart features,5,749.61
82,80,Perfume,Fashion,Perfume for Fashion category with premium quality and smart features,4,435.02
146,46,Football,Sports,Football for Sports category with premium quality and smart features,1,454.91
9,66,Perfume,Beauty,Perfume for Beauty category with premium quality and smart features,4,300.54
166,68,Novel,Sports,Novel for Sports category with premium quality and smart features,1,123.5
83,55,Cookware,Books,Cookware for Books category with premium quality and smart features,2,81.91
169,48,Headphones,Sports,Headphones for Sports category with premium quality and smart features,3,131.08
82,2,T-Shirt,Sports,T-Shirt for Sports category with premium quality and smart features,4,571.79
83,30,Novel,Fashion,Novel for Fashion category with premium quality and smart features,3,605.78
135,28,Watch,Fashion,Watch for Fashion category with premium quality and smart features,3,719.1
172,10,Gaming Mouse,Groceries,Gaming Mouse for Groceries category with premium quality and smart features,4,324.61
82,26,Smartphone,Home,Smartphone for Home category with premium quality and smart features,4,503.66
71,54,Laptop,Fashion,Laptop for Fashion category with premium quality and smart features,4,179.43
84,76,T-Shirt,Groceries,T-Shirt for Groceries category with premium quality and smart features,5,31.06
5,74,Football,Electronics,Football for Electronics category with premium quality and smart features,4,291.52
104,5,Cookware,Electronics,Cookware for Electronics category with premium quality and smart features,1,78.76
25,54,Sneakers,Beauty,Sneakers for Beauty category with premium quality and smart features,3,756.16
103,11,Backpack,Sports,Backpack for Sports category with premium quality and smart features,5,56.6
77,59,Blender,Toys,Blender for Toys category with premium quality and smart features,1,844.64
159,14,T-Shirt,Electronics,T-Shirt for Electronics category with premium quality and smart features,1,827.2
36,14,Blender,Sports,Blender for Sports category with premium quality and smart features,4,234.08
23,25,Blender,Sports,Blender for Sports category with premium quality and smart features,5,989.67
177,7,Football,Beauty,Football for Beauty category with premium quality and smart features,1,119.7
78,10,Cookware,Beauty,Cookware for Beauty category with premium quality and smart features,5,793.71
98,35,Football,Books,Football for Books category with premium quality and smart features,2,587.62
31,17,Blender,Sports,Blender for Sports category with premium quality and smart features,2,755.5
106,58,Watch,Fashion,Watch for Fashion category with premium quality and smart features,5,248.12
123,63,Cookware,Beauty,Cookware for Beauty category with premium quality and smart features,4,233.57
68,38,Cookware,Fashion,Cookware for Fashion category with premium quality and smart features,5,837.19
63,27,Laptop,Fashion,Laptop for Fashion category with premium quality and smart features,4,69.66
4,28,Blender,Toys,Blender for Toys category with premium quality and smart features,4,196.04
27,44,Blender,Home,Blender for Home category with premium quality and smart features,5,763.99
132,41,Keyboard,Beauty,Keyboard for Beauty category with premium quality and smart features,4,658.74
130,14,T-Shirt,Books,T-Shirt for Books category with premium quality and smart features,3,391.72
116,80,Camera,Home,Camera for Home category with premium quality and smart features,4,196.07
72,55,Gaming Mouse,Books,Gaming Mouse for Books category with premium quality and smart features,3,951.98
148,14,Backpack,Books,Backpack for Books category with premium quality and smart features,1,747.58
62,3,Headphones,Toys,Headphones for Toys category with premium quality and smart features,3,38.3
170,68,Cookware,Toys,Cookware for Toys category with premium quality and smart features,3,127.14
141,11,Novel,Sports,Novel for Sports category with premium quality and smart features,2,159.11
129,56,Smartphone,Sports,Smartphone for Sports category with premium quality and smart features,4,279.86
26,7,Keyboard,Groceries,Keyboard for Groceries category with premium quality and smart features,4,201.99
49,52,Perfume,Books,Perfume for Books category with premium quality and smart features,3,534.27
127,67,Laptop,Groceries,Laptop for Groceries category with premium quality and smart features,1,649.88
29,29,Smartphone,Fashion,Smartphone for Fashion category with premium quality and smart features,1,579.48
62,9,Sneakers,Fashion,Sneakers for Fashion category with premium quality and smart features,2,883.77
180,52,Novel,Groceries,Novel for Groceries category with premium quality and smart features,1,227.69
178,35,T-Shirt,Toys,T-Shirt for Toys category with premium quality and smart features,2,787.87
89,37,Keyboard,Beauty,Keyboard for Beauty category with premium quality and smart features,1,103.3
129,80,Keyboard,Toys,Keyboard for Toys category with premium quality and smart features,3,854.04
177,31,Cookware,Books,Cookware for Books category with premium quality and smart features,1,174.98
86,59,Smartphone,Books,Smartphone for Books category with premium quality and smart features,4,433.64
6,23,Football,Beauty,Football for Beauty category with premium quality and smart features,1,179.02
195,2,Backpack,Sports,Backpack for Sports category with premium quality and smart features,5,11.0
64,61,Smartphone,Fashion,Smartphone for Fashion category with premium quality and smart features,1,571.59
75,30,Camera,Books,Camera for Books category with premium quality and smart features,2,777.5
26,39,Backpack,Sports,Backpack for Sports category with premium quality and smart features,4,737.47
140,33,Sneakers,Toys,Sneakers for Toys category with premium quality and smart features,3,464.16
91,39,Football,Sports,Football for Sports category with premium quality and smart features,5,776.78
153,62,Sneakers,Fashion,Sneakers for Fashion category with premium quality and smart features,5,730.93
6,19,Blender,Groceries,Blender for Groceries category with premium quality and smart features,2,662.77
37,46,Smartphone,Toys,Smartphone for Toys category with premium quality and smart features,2,581.81
179,56,T-Shirt,Sports,T-Shirt for Sports category with premium quality and smart features,1,201.9
97,14,Football,Beauty,Football for Beauty category with premium quality and smart features,5,900.23
116,68,Sneakers,Books,Sneakers for Books category with premium quality and smart features,3,889.11
101,76,Sneakers,Groceries,Sneakers for Groceries category with premium quality and smart features,3,198.67
149,67,Blender,Sports,Blender for Sports category with premium quality and smart features,5,131.73
117,73,Sneakers,Sports,Sneakers for Sports category with premium quality and smart features,1,969.78
128,19,Gaming Mouse,Toys,Gaming Mouse for Toys category with premium quality and smart features,2,527.95
75,80,Sneakers,Books,Sneakers for Books category with premium quality and smart features,4,295.38
76,2,Smartphone,Toys,Smartphone for Toys category with premium quality and smart features,2,290.19
152,16,Backpack,Electronics,Backpack for Electronics category with premium quality and smart features,3,15.04
91,1,Sneakers,Electronics,Sneakers for Electronics category with premium quality and smart features,2,356.72
73,65,Laptop,Books,Laptop for Books category with premium quality and smart features,3,151.22
188,26,Perfume,Groceries,Perfume for Groceries category with premium quality and smart features,1,297.89
9,61,T-Shirt,Sports,T-Shirt for Sports category with premium quality and smart features,4,428.34
26,34,Perfume,Beauty,Perfume for Beauty category with premium quality and smart features,3,181.57
112,42,Gaming Mouse,Books,Gaming Mouse for Books category with premium quality and smart features,2,257.52
107,71,Sneakers,Home,Sneakers for Home category with premium quality and smart features,3,94.74
146,60,Novel,Books,Novel for Books category with premium quality and smart features,4,105.08
135,57,Watch,Sports,Watch for Sports category with premium quality and smart features,3,473.7
110,60,Novel,Groceries,Novel for Groceries category with premium quality and smart features,4,37.4
144,4,Laptop,Groceries,Laptop for Groceries category with premium quality and smart features,2,619.06
78,32,Headphones,Sports,Headphones for Sports category with premium quality and smart features,5,547.84
145,38,Camera,Electronics,Camera for Electronics category with premium quality and smart features,4,134.68
172,1,Camera,Toys,Camera for Toys category with premium quality and smart features,5,465.62
14,11,Sneakers,Electronics,Sneakers for Electronics category with premium quality and smart features,1,340.15
25,38,Keyboard,Toys,Keyboard for Toys category with premium quality and smart features,3,865.67
32,75,Keyboard,Electronics,Keyboard for Electronics category with premium quality and smart features,2,521.1
144,64,T-Shirt,Books,T-Shirt for Books category with premium quality and smart features,2,307.88
80,1,Perfume,Toys,Perfume for Toys category with premium quality and smart features,2,123.56
1,20,Watch,Fashion,Watch for Fashion category with premium quality and smart features,1,254.73
27,61,Blender,Electronics,Blender for Electronics category with premium quality and smart features,5,449.38
15,16,Novel,Beauty,Novel for Beauty category with premium quality and smart features,4,982.87
61,70,Blender,Beauty,Blender for Beauty category with premium quality and smart features,5,684.51
169,79,Novel,Fashion,Novel for Fashion category with premium quality and smart features,2,639.84
48,19,Headphones,Home,Headphones for Home category with premium quality and smart features,5,744.25
140,26,Backpack,Toys,Backpack for Toys category with premium quality and smart features,3,296.55
26,76,Cookware,Toys,Cookware for Toys category with premium quality and smart features,3,397.28
179,14,Novel,Toys,Novel for Toys category with premium quality and smart features,4,156.68
73,59,Perfume,Fashion,Perfume for Fashion category with premium quality and smart features,4,20.91
78,5,Smartphone,Toys,Smartphone for Toys category with premium quality and smart features,3,963.17
120,59,Smartphone,Beauty,Smartphone for Beauty category with premium quality and smart features,2,364.17
129,27,Football,Sports,Football for Sports category with premium quality and smart features,5,396.72
17,23,Cookware,Books,Cookware for Books category with premium quality and smart features,5,345.9
184,18,Camera,Beauty,Camera for Beauty category with premium quality and smart features,3,924.24
18,62,Backpack,Groceries,Backpack for Groceries category with premium quality and smart features,5,662.38
148,65,Headphones,Beauty,Headphones for Beauty category with premium quality and smart features,3,592.96
149,45,Laptop,Groceries,Laptop for Groceries category with premium quality and smart features,1,39.23
188,21,Laptop,Home,Laptop for Home category with premium quality and smart features,1,504.44
174,61,Camera,Sports,Camera for Sports category with premium quality and smart features,2,981.52
188,31,Football,Fashion,Football for Fashion category with premium quality and smart features,2,730.88
99,54,Smartphone,Fashion,Smartphone for Fashion category with premium quality and smart features,5,257.98
10,10,Camera,Toys,Camera for Toys category with premium quality and smart features,3,610.47
8,23,Laptop,Sports,Laptop for Sports category with premium quality and smart features,4,383.85
164,74,T-Shirt,Home,T-Shirt for Home category with premium quality and smart features,3,496.19
174,37,T-Shirt,Home,T-Shirt for Home category with premium quality and smart features,2,439.72
136,25,Perfume,Fashion,Perfume for Fashion category with premium quality and smart features,1,632.82
172,13,Smartphone,Home,Smartphone for Home category with premium quality and smart features,2,894.36
93,53,Cookware,Fashion,Cookware for Fashion category with premium quality and smart features,2,685.54
187,68,T-Shirt,Toys,T-Shirt for Toys category with premium quality and smart features,2,574.67
122,65,Cookware,Sports,Cookware for Sports category with premium quality and smart features,5,900.76
36,9,Novel,Toys,Novel for Toys category with premium quality and smart features,4,875.24
146,11,Camera,Books,Camera for Books category with premium quality and smart features,5,305.24
31,64,Smartphone,Home,Smartphone for Home category with premium quality and smart features,5,545.13
6,29,Football,Beauty,Football for Beauty category with premium quality and smart features,3,396.52
92,9,Sneakers,Books,Sneakers for Books category with premium quality and smart features,1,539.08
62,67,Novel,Beauty,Novel for Beauty category with premium quality and smart features,5,66.08
179,15,Football,Toys,Football for Toys category with premium quality and smart features,3,656.7
9,44,Sneakers,Groceries,Sneakers for Groceries category with premium quality and smart features,2,341.2
196,8,T-Shirt,Books,T-Shirt for Books category with premium quality and smart features,5,818.59
85,8,Backpack,Home,Backpack for Home category with premium quality and smart features,1,807.61
145,79,Cookware,Electronics,Cookware for Electronics category with premium quality and smart features,1,950.41
154,79,Football,Fashion,Football for Fashion category with premium quality and smart features,5,483.98
34,35,Laptop,Electronics,Laptop for Electronics category with premium quality and smart features,1,501.63
58,45,Backpack,Groceries,Backpack for Groceries category with premium quality and smart features,3,783.73
59,3,Smartphone,Electronics,Smartphone for Electronics category with premium quality and smart features,2,538.84
98,3,Smartphone,Toys,Smartphone for Toys category with premium quality and smart features,4,768.02
179,17,Keyboard,Groceries,Keyboard for Groceries category with premium quality and smart features,4,554.05
30,57,Football,Fashion,Football for Fashion category with premium quality and smart features,5,982.71
95,46,Cookware,Home,Cookware for Home category with premium quality and smart features,4,918.89
61,30,Perfume,Fashion,Perfume for Fashion category with premium quality and smart features,1,234.85
192,69,Camera,Electronics,Camera for Electronics category with premium quality and smart features,1,874.52
64,8,Smartphone,Fashion,Smartphone for Fashion category with premium quality and smart features,2,444.17
73,6,Cookware,Sports,Cookware for Sports category with premium quality and smart features,5,658.66
63,38,Perfume,Books,Perfume for Books category with premium quality and smart features,4,483.91
32,10,Sneakers,Fashion,Sneakers for Fashion category with premium quality and smart features,5,213.8
181,46,Backpack,Home,Backpack for Home category with premium quality and smart features,3,942.01
200,71,Blender,Beauty,Blender for Beauty category with premium quality and smart features,2,531.58
69,41,Smartphone,Fashion,Smartphone for Fashion category with premium quality and smart features,3,901.42
181,80,Sneakers,Toys,Sneakers for Toys category with premium quality and smart features,1,211.52
36,67,Sneakers,Home,Sneakers for Home category with premium quality and smart features,5,218.66
96,19,T-Shirt,Electronics,T-Shirt for Electronics category with premium quality and smart features,4,653.41
117,15,Backpack,Electronics,Backpack for Electronics category with premium quality and smart features,1,277.6
151,50,Blender,Beauty,Blender for Beauty category with premium quality and smart features,1,69.12
157,50,Smartphone,Toys,Smartphone for Toys category with premium quality and smart features,4,390.82
12,29,Novel,Home,Novel for Home category with premium quality and smart features,2,663.33
137,7,Smartphone,Beauty,Smartphone for Beauty category with premium quality and smart features,5,765.37
7,78,Football,Sports,Football for Sports category with premium quality and smart features,3,812.14
152,28,Cookware,Electronics,Cookware for Electronics category with premium quality and smart features,5,439.74
110,8,Watch,Fashion,Watch for Fashion category with premium quality and smart features,4,952.95
174,37,Novel,Toys,Novel for Toys category with premium quality and smart features,5,722.03
197,67,Headphones,Beauty,Headphones for Beauty category with premium quality and smart features,4,472.66
61,17,Sneakers,Electronics,Sneakers for Electronics category with premium quality and smart features,3,94.68
64,70,Cookware,Beauty,Cookware for Beauty category with premium quality and smart features,5,400.66
158,36,Sneakers,Sports,Sneakers for Sports category with premium quality and smart features,3,784.6
198,78,Laptop,Electronics,Laptop for Electronics category with premium quality and smart features,3,572.76
83,34,Backpack,Books,Backpack for Books category with premium quality and smart features,4,27.09
3,60,Cookware,Electronics,Cookware for Electronics category with premium quality and smart features,4,641.37
143,28,Smartphone,Groceries,Smartphone for Groceries category with premium quality and smart features,5,939.45
71,79,Laptop,Sports,Laptop for Sports category with premium quality and smart features,4,188.01
197,36,Blender,Beauty,Blender for Beauty category with premium quality and smart features,4,135.95
162,23,Blender,Books,Blender for Books category with premium quality and smart features,5,659.42
60,15,Headphones,Electronics,Headphones for Electronics category with premium quality and smart features,5,861.96
149,41,Watch,Electronics,Watch for Electronics category with premium quality and smart features,2,70.2
183,34,Smartphone,Beauty,Smartphone for Beauty category with premium quality and smart features,3,545.04
12,77,Cookware,Home,Cookware for Home category with premium quality and smart features,1,86.7
114,15,T-Shirt,Fashion,T-Shirt for Fashion category with premium quality and smart features,2,332.53
96,54,Gaming Mouse,Fashion,Gaming Mouse for Fashion category with premium quality and smart features,4,877.09
37,4,Perfume,Sports,Perfume for Sports category with premium quality and smart features,3,341.64
105,48,Sneakers,Toys,Sneakers for Toys category with premium quality and smart features,5,40.85
95,6,Football,Beauty,Football for Beauty category with premium quality and smart features,2,912.75
7,14,Camera,Home,Camera for Home category with premium quality and smart features,3,515.69
200,66,T-Shirt,Sports,T-Shirt for Sports category with premium quality and smart features,4,832.42
9,20,Camera,Groceries,Camera for Groceries category with premium quality and smart features,1,955.63
58,73,Watch,Groceries,Watch for Groceries category with premium quality and smart features,1,849.12
136,7,Gaming Mouse,Toys,Gaming Mouse for Toys category with premium quality and smart features,5,525.13
82,35,Blender,Home,Blender for Home category with premium quality and smart features,5,300.13
63,43,Camera,Home,Camera for Home category with premium quality and smart features,3,238.58
81,15,Backpack,Home,Backpack for Home category with premium quality and smart features,4,368.26
91,72,Football,Fashion,Football for Fashion category with premium quality and smart features,3,656.8
155,30,Camera,Toys,Camera for Toys category with premium quality and smart features,4,237.47
33,69,Camera,Home,Camera for Home category with premium quality and smart features,4,677.36
171,18,Camera,Beauty,Camera for Beauty category with premium quality and smart features,3,348.16
31,11,Novel,Groceries,Novel for Groceries category with premium quality and smart features,5,983.42
148,64,Football,Home,Football for Home category with premium quality and smart features,2,877.64
4,22,Novel,Fashion,Novel for Fashion category with premium quality and smart features,3,767.85
183,61,Headphones,Fashion,Headphones for Fashion category with premium quality and smart features,1,835.52
7,22,Headphones,Fashion,Headphones for Fashion category with premium quality and smart features,5,868.21
100,55,Headphones,Sports,Headphones for Sports category with premium quality and smart features,4,699.96
62,38,Cookware,Fashion,Cookware for Fashion category with premium quality and smart features,3,595.56
158,14,Laptop,Electronics,Laptop for Electronics category with premium quality and smart features,3,950.42
105,58,Sneakers,Groceries,Sneakers for Groceries category with premium quality and smart features,4,703.11
188,24,Headphones,Fashion,Headphones for Fashion category with premium quality and smart features,1,597.62
95,59,Cookware,Groceries,Cookware for Groceries category with premium quality and smart features,4,184.96
185,76,Camera,Beauty,Camera for Beauty category with premium quality and smart features,1,239.94
127,44,Perfume,Electronics,Perfume for Electronics category with premium quality and smart features,5,898.33
149,66,Sneakers,Groceries,Sneakers for Groceries category with premium quality and smart features,3,390.23
194,23,Smartphone,Books,Smartphone for Books category with premium quality and smart features,2,436.23
72,74,Laptop,Sports,Laptop for Sports category with premium quality and smart features,3,291.94
31,37,Backpack,Beauty,Backpack for Beauty category with premium quality and smart features,4,231.4
44,37,Perfume,Beauty,Perfume for Beauty category with premium quality and smart features,1,925.27
171,36,Laptop,Books,Laptop for Books category with premium quality and smart features,2,556.64
131,22,Perfume,Electronics,Perfume for Electronics category with premium quality and smart features,1,960.26
139,69,Smartphone,Home,Smartphone for Home category with premium quality and smart features,4,834.18
7,48,Sneakers,Home,Sneakers for Home category with premium quality and smart features,5,432.24
114,67,Blender,Books,Blender for Books category with premium quality and smart features,4,301.99
29,16,Football,Toys,Football for Toys category with premium quality and smart features,4,498.32
23,18,Keyboard,Beauty,Keyboard for Beauty category with premium quality and smart features,1,968.76
21,29,Cookware,Fashion,Cookware for Fashion category with premium quality and smart features,2,511.99
71,59,Keyboard,Fashion,Keyboard for Fashion category with premium quality and smart features,3,893.35
10,56,Football,Fashion,Football for Fashion category with premium quality and smart features,5,324.35
143,5,T-Shirt,Electronics,T-Shirt for Electronics category with premium quality and smart features,2,590.48
57,26,Backpack,Beauty,Backpack for Beauty category with premium quality and smart features,2,489.66
48,64,Headphones,Beauty,Headphones for Beauty category with premium quality and smart features,2,638.42
23,67,Smartphone,Home,Smartphone for Home category with premium quality and smart features,4,76.59
143,79,Keyboard,Home,Keyboard for Home category with premium quality and smart features,2,48.42
177,34,Gaming Mouse,Groceries,Gaming Mouse for Groceries category with premium quality and smart features,5,242.37
90,62,Football,Books,Football for Books category with premium quality and smart features,3,842.28
75,63,Camera,Toys,Camera for Toys category with premium quality and smart features,4,601.86
140,62,Laptop,Beauty,Laptop for Beauty category with premium quality and smart features,2,121.24
194,37,Backpack,Groceries,Backpack for Groceries category with premium quality and smart features,3,254.92
109,15,Backpack,Books,Backpack for Books category with premium quality and smart features,3,664.01
89,51,Camera,Books,Camera for Books category with premium quality and smart features,4,841.72
126,77,Gaming Mouse,Groceries,Gaming Mouse for Groceries category with premium quality and smart features,2,38.67
69,65,Football,Home,Football for Home category with premium quality and smart features,4,70.2
198,42,Gaming Mouse,Beauty,Gaming Mouse for Beauty category with premium quality and smart features,3,417.12
114,55,Sneakers,Groceries,Sneakers for Groceries category with premium quality and smart features,1,275.63
187,29,Gaming Mouse,Sports,Gaming Mouse for Sports category with premium quality and smart features,1,315.43
105,29,Watch,Books,Watch for Books category with premium quality and smart features,2,781.76
29,79,Headphones,Sports,Headphones for Sports category with premium quality and smart features,5,544.37
185,3,Laptop,Groceries,Laptop for Groceries category with premium quality and smart features,3,913.11
197,71,Gaming Mouse,Fashion,Gaming Mouse for Fashion category with premium quality and smart features,1,523.46
93,69,Headphones,Home,Headphones for Home category with premium quality and smart features,5,401.57
184,30,Camera,Beauty,Camera for Beauty category with premium quality and smart features,2,911.55
85,53,Watch,Home,Watch for Home category with premium quality and smart features,2,940.61
10,3,Watch,Fashion,Watch for Fashion category with premium quality and smart features,4,793.43
11,21,Sneakers,Beauty,Sneakers for Beauty category with premium quality and smart features,1,237.71
198,32,Sneakers,Electronics,Sneakers for Electronics category with premium quality and smart features,1,814.87
97,52,Blender,Books,Blender for Books category with premium quality and smart features,3,863.36
20,10,Smartphone,Groceries,Smartphone for Groceries category with premium quality and smart features,1,745.23
139,78,Laptop,Books,Laptop for Books category with premium quality and smart features,5,794.69
50,78,Camera,Beauty,Camera for Beauty category with premium quality and smart features,3,430.9
191,3,Sneakers,Beauty,Sneakers for Beauty category with premium quality and smart features,4,210.64
68,74,Novel,Toys,Novel for Toys category with premium quality and smart features,3,435.24
57,53,Backpack,Beauty,Backpack for Beauty category with premium quality and smart features,3,908.59
137,65,Novel,Home,Novel for Home category with premium quality and smart features,1,993.22
187,51,Camera,Sports,Camera for Sports category with premium quality and smart features,5,717.43
116,29,Novel,Electronics,Novel for Electronics category with premium quality and smart features,2,452.61
123,73,Gaming Mouse,Fashion,Gaming Mouse for Fashion category with premium quality and smart features,3,339.11
162,11,Watch,Fashion,Watch for Fashion category with premium quality and smart features,2,215.61
126,76,Laptop,Home,Laptop for Home category with premium quality and smart features,2,409.16
122,67,Smartphone,Home,Smartphone for Home category with premium quality and smart features,4,259.5
80,44,Smartphone,Books,Smartphone for Books category with premium quality and smart features,3,692.11
154,53,Sneakers,Electronics,Sneakers for Electronics category with premium quality and smart features,2,757.49
126,70,Cookware,Toys,Cookware for Toys category with premium quality and smart features,2,328.62
182,62,Football,Fashion,Football for Fashion category with premium quality and smart features,1,431.45
20,49,Camera,Books,Camera for Books category with premium quality and smart features,1,170.47
192,16,T-Shirt,Books,T-Shirt for Books category with premium quality and smart features,4,871.05
30,5,Backpack,Groceries,Backpack for Groceries category with premium quality and smart features,2,629.9
135,63,Keyboard,Books,Keyboard for Books category with premium quality and smart features,5,423.97
3,38,Novel,Fashion,Novel for Fashion category with premium quality and smart features,3,722.74
174,35,Perfume,Sports,Perfume for Sports category with premium quality and smart features,3,568.17
43,19,Watch,Beauty,Watch for Beauty category with premium quality and smart features,2,804.79
183,48,Backpack,Beauty,Backpack for Beauty category with premium quality and smart features,4,218.51
85,18,Watch,Books,Watch for Books category with premium quality and smart features,4,19.72
107,23,Backpack,Books,Backpack for Books category with premium quality and smart features,1,993.38
2,40,T-Shirt,Home,T-Shirt for Home category with premium quality and smart features,1,542.35
85,13,Perfume,Electronics,Perfume for Electronics category with premium quality and smart features,4,598.51
18,45,Cookware,Home,Cookware for Home category with premium quality and smart features,1,928.6
71,37,Perfume,Groceries,Perfume for Groceries category with premium quality and smart features,3,373.6
197,52,Watch,Beauty,Watch for Beauty category with premium quality and smart features,5,645.18
52,10,Laptop,Books,Laptop for Books category with premium quality and smart features,2,287.19
68,73,Headphones,Fashion,Headphones for Fashion category with premium quality and smart features,5,591.44
197,50,Perfume,Sports,Perfume for Sports category with premium quality and smart features,5,608.73
189,79,T-Shirt,Toys,T-Shirt for Toys category with premium quality and smart features,2,12.64
60,28,Football,Fashion,Football for Fashion category with premium quality and smart features,5,155.03
43,61,Cookware,Electronics,Cookware for Electronics category with premium quality and smart features,1,896.99
14,18,Novel,Toys,Novel for Toys category with premium quality and smart features,4,333.82
129,16,Watch,Home,Watch for Home category with premium quality and smart features,4,383.54
99,61,Sneakers,Sports,Sneakers for Sports category with premium quality and smart features,5,323.8
21,78,Headphones,Home,Headphones for Home category with premium quality and smart features,3,714.23
112,72,Backpack,Toys,Backpack for Toys category with premium quality and smart features,3,688.51
143,56,Headphones,Sports,Headphones for Sports category with premium quality and smart features,1,867.48
120,45,T-Shirt,Groceries,T-Shirt for Groceries category with premium quality and smart features,5,564.2
49,49,Headphones,Sports,Headphones for Sports category with premium quality and smart features,1,203.88
93,68,Smartphone,Home,Smartphone for Home category with premium quality and smart features,5,317.29
25,48,Watch,Beauty,Watch for Beauty category with premium quality and smart features,1,610.71
9,36,Novel,Toys,Novel for Toys category with premium quality and smart features,1,995.78
181,33,Gaming Mouse,Beauty,Gaming Mouse for Beauty category with premium quality and smart features,1,971.43
8,61,Backpack,Toys,Backpack for Toys category with premium quality and smart features,2,478.71
166,70,Smartphone,Fashion,Smartphone for Fashion category with premium quality and smart features,3,38.55
183,20,Blender,Books,Blender for Books category with premium quality and smart features,2,92.0
31,8,Gaming Mouse,Toys,Gaming Mouse for Toys category with premium quality and smart features,1,321.09
140,36,Gaming Mouse,Home,Gaming Mouse for Home category with premium quality and smart features,5,740.08
86,41,Football,Books,Football for Books category with premium quality and smart features,5,724.91
94,67,Gaming Mouse,Electronics,Gaming Mouse for Electronics category with premium quality and smart features,4,422.21
171,8,T-Shirt,Fashion,T-Shirt for Fashion category with premium quality and smart features,5,156.04
69,11,Backpack,Books,Backpack for Books category with premium quality and smart features,1,282.77
51,65,Headphones,Groceries,Headphones for Groceries category with premium quality and smart features,1,318.05
144,45,Cookware,Fashion,Cookware for Fashion category with premium quality and smart features,4,572.49
179,12,Laptop,Toys,Laptop for Toys category with premium quality and smart features,1,918.83
47,12,Cookware,Books,Cookware for Books category with premium quality and smart features,5,630.36
6,22,T-Shirt,Electronics,T-Shirt for Electronics category with premium quality and smart features,3,465.75
186,32,Blender,Beauty,Blender for Beauty category with premium quality and smart features,2,749.93
189,17,Smartphone,Beauty,Smartphone for Beauty category with premium quality and smart features,4,708.85
46,36,Perfume,Books,Perfume for Books category with premium quality and smart features,3,419.84
49,35,Headphones,Home,Headphones for Home category with premium quality and smart features,3,266.76
113,34,Backpack,Fashion,Backpack for Fashion category with premium quality and smart features,3,582.91
90,67,Blender,Toys,Blender for Toys category with premium quality and smart features,2,46.36
150,50,Watch,Books,Watch for Books category with premium quality and smart features,5,218.56
180,56,Gaming Mouse,Sports,Gaming Mouse for Sports category with premium quality and smart features,3,215.37
180,65,Laptop,Beauty,Laptop for Beauty category with premium quality and smart features,5,775.67
67,28,Sneakers,Toys,Sneakers for Toys category with premium quality and smart features,1,922.7
133,24,Headphones,Toys,Headphones for Toys category with premium quality and smart features,4,590.95
96,73,Gaming Mouse,Groceries,Gaming Mouse for Groceries category with premium quality and smart features,5,902.26
83,14,Blender,Sports,Blender for Sports category with premium quality and smart features,1,167.16
122,43,Gaming Mouse,Sports,Gaming Mouse for Sports category with premium quality and smart features,1,195.24
92,40,Backpack,Books,Backpack for Books category with premium quality and smart features,5,194.3
6,57,Perfume,Toys,Perfume for Toys category with premium quality and smart features,5,697.55
188,52,Blender,Toys,Blender for Toys category with premium quality and smart features,2,260.05
96,77,Backpack,Sports,Backpack for Sports category with premium quality and smart features,4,307.17
60,65,Novel,Fashion,Novel for Fashion category with premium quality and smart features,4,776.33
148,52,Headphones,Electronics,Headphones for Electronics category with premium quality and smart features,5,174.72
77,77,Perfume,Home,Perfume for Home category with premium quality and smart features,2,138.59
86,7,Sneakers,Fashion,Sneakers for Fashion category with premium quality and smart features,2,803.47
118,51,Backpack,Books,Backpack for Books category with premium quality and smart features,1,662.02
52,23,Sneakers,Beauty,Sneakers for Beauty category with premium quality and smart features,1,192.75
53,56,Keyboard,Fashion,Keyboard for Fashion category with premium quality and smart features,2,162.6
143,48,Backpack,Electronics,Backpack for Electronics category with premium quality and smart features,2,351.26
121,71,Keyboard,Groceries,Keyboard for Groceries category with premium quality and smart features,2,913.7
172,49,Keyboard,Toys,Keyboard for Toys category with premium quality and smart features,2,765.43
25,50,Cookware,Books,Cookware for Books category with premium quality and smart features,2,405.88
84,37,Perfume,Groceries,Perfume for Groceries category with premium quality and smart features,4,538.77
89,63,T-Shirt,Electronics,T-Shirt for Electronics category with premium quality and smart features,5,186.38
61,48,Cookware,Sports,Cookware for Sports category with premium quality and smart features,5,825.01
157,77,Football,Groceries,Football for Groceries category with premium quality and smart features,1,649.12
36,64,Smartphone,Home,Smartphone for Home category with premium quality and smart features,2,308.92
24,44,Gaming Mouse,Groceries,Gaming Mouse for Groceries category with premium quality and smart features,2,431.45
73,40,Gaming Mouse,Groceries,Gaming Mouse for Groceries category with premium quality and smart features,4,44.48
108,23,Novel,Books,Novel for Books category with premium quality and smart features,5,835.89
120,11,Gaming Mouse,Sports,Gaming Mouse for Sports category with premium quality and smart features,1,659.31
104,2,Cookware,Books,Cookware for Books category with premium quality and smart features,2,578.94
99,59,Backpack,Electronics,Backpack for Electronics category with premium quality and smart features,4,428.23
14,39,Sneakers,Groceries,Sneakers for Groceries category with premium quality and smart features,1,607.6
116,65,Camera,Sports,Camera for Sports category with premium quality and smart features,4,714.9
137,47,Camera,Fashion,Camera for Fashion category with premium quality and smart features,2,980.93
137,50,Headphones,Fashion,Headphones for Fashion category with premium quality and smart features,1,343.74
182,76,T-Shirt,Beauty,T-Shirt for Beauty category with premium quality and smart features,5,814.71
187,59,Smartphone,Groceries,Smartphone for Groceries category with premium quality and smart features,4,288.9
32,63,Cookware,Toys,Cookware for Toys category with premium quality and smart features,1,890.27
176,48,Novel,Beauty,Novel for Beauty category with premium quality and smart features,3,678.25
197,4,Headphones,Beauty,Headphones for Beauty category with premium quality and smart features,3,363.32
5,58,Sneakers,Sports,Sneakers for Sports category with premium quality and smart features,1,599.82
92,5,T-Shirt,Groceries,T-Shirt for Groceries category with premium quality and smart features,2,93.21
25,17,Gaming Mouse,Books,Gaming Mouse for Books category with premium quality and smart features,4,436.79
71,45,Keyboard,Toys,Keyboard for Toys category with premium quality and smart features,5,251.66
188,68,Smartphone,Toys,Smartphone for Toys category with premium quality and smart features,1,333.32
10,19,Novel,Fashion,Novel for Fashion category with premium quality and smart features,5,980.46
21,44,Novel,Beauty,Novel for Beauty category with premium quality and smart features,4,32.16
192,33,Blender,Fashion,Blender for Fashion category with premium quality and smart features,4,965.51
50,74,Sneakers,Beauty,Sneakers for Beauty category with premium quality and smart features,5,518.9
63,7,Perfume,Sports,Perfume for Sports category with premium quality and smart features,4,223.06
112,36,Sneakers,Books,Sneakers for Books category with premium quality and smart features,5,674.73
155,52,Gaming Mouse,Books,Gaming Mouse for Books category with premium quality and smart features,3,279.95
105,27,Camera,Electronics,Camera for Electronics category with premium quality and smart features,4,660.64
71,35,Perfume,Toys,Perfume for Toys category with premium quality and smart features,3,106.18
58,3,T-Shirt,Sports,T-Shirt for Sports category with premium quality and smart features,1,615.27
187,78,Perfume,Toys,Perfume for Toys category with premium quality and smart features,4,638.42
85,70,Backpack,Groceries,Backpack for Groceries category with premium quality and smart features,5,22.44
88,41,Blender,Sports,Blender for Sports category with premium quality and smart features,4,160.26
191,64,Watch,Home,Watch for Home category with premium quality and smart features,2,676.26
66,52,Gaming Mouse,Electronics,Gaming Mouse for Electronics category with premium quality and smart features,5,968.05
162,63,Laptop,Sports,Laptop for Sports category with premium quality and smart features,2,750.53
136,48,Sneakers,Beauty,Sneakers for Beauty category with premium quality and smart features,3,456.98
120,4,Perfume,Books,Perfume for Books category with premium quality and smart features,5,175.07
91,73,Novel,Groceries,Novel for Groceries category with premium quality and smart features,1,753.87
73,72,T-Shirt,Toys,T-Shirt for Toys category with premium quality and smart features,4,921.96
34,49,Laptop,Fashion,Laptop for Fashion category with premium quality and smart features,4,226.12
29,74,Headphones,Beauty,Headphones for Beauty category with premium quality and smart features,2,769.21
189,52,Cookware,Groceries,Cookware for Groceries category with premium quality and smart features,2,424.0
154,36,Camera,Sports,Camera for Sports category with premium quality and smart features,3,633.97
171,41,T-Shirt,Groceries,T-Shirt for Groceries category with premium quality and smart features,4,499.88
119,37,Headphones,Toys,Headphones for Toys category with premium quality and smart features,2,406.05
1,69,Camera,Sports,Camera for Sports category with premium quality and smart features,4,659.63
175,13,Perfume,Groceries,Perfume for Groceries category with premium quality and smart features,4,974.5
106,25,Perfume,Electronics,Perfume for Electronics category with premium quality and smart features,2,147.19
159,65,Perfume,Fashion,Perfume for Fashion category with premium quality and smart features,5,734.83
6,42,Headphones,Home,Headphones for Home category with premium quality and smart features,5,629.24
176,12,Smartphone,Sports,Smartphone for Sports category with premium quality and smart features,5,884.68
168,50,Blender,Home,Blender for Home category with premium quality and smart features,2,463.19
186,31,Backpack,Books,Backpack for Books category with premium quality and smart features,2,329.5
76,9,T-Shirt,Electronics,T-Shirt for Electronics category with premium quality and smart features,5,466.57
63,78,T-Shirt,Toys,T-Shirt for Toys category with premium quality and smart features,2,973.08
129,15,Blender,Sports,Blender for Sports category with premium quality and smart features,2,252.41
185,9,Keyboard,Electronics,Keyboard for Electronics category with premium quality and smart features,1,685.2
105,67,Blender,Toys,Blender for Toys category with premium quality and smart features,4,79.66
107,34,Keyboard,Fashion,Keyboard for Fashion category with premium quality and smart features,5,650.62
137,4,Backpack,Toys,Backpack for Toys category with premium quality and smart features,1,300.03
102,6,Novel,Sports,Novel for Sports category with premium quality and smart features,5,632.98
113,55,Laptop,Fashion,Laptop for Fashion category with premium quality and smart features,2,848.6
195,75,Keyboard,Fashion,Keyboard for Fashion category with premium quality and smart features,2,372.8
169,44,Football,Books,Football for Books category with premium quality and smart features,2,797.6
54,34,Cookware,Fashion,Cookware for Fashion category with premium quality and smart features,1,463.66
182,63,Camera,Home,Camera for Home category with premium quality and smart features,3,349.02
177,57,Camera,Sports,Camera for Sports category with premium quality and smart features,4,702.57
146,36,Camera,Electronics,Camera for Electronics category with premium quality and smart features,2,156.54
74,4,Football,Home,Football for Home category with premium quality and smart features,3,567.9
183,38,Keyboard,Beauty,Keyboard for Beauty category with premium quality and smart features,2,571.96
79,61,Gaming Mouse,Toys,Gaming Mouse for Toys category with premium quality and smart features,3,162.9
178,17,Perfume,Books,Perfume for Books category with premium quality and smart features,3,860.56
66,30,Blender,Electronics,Blender for Electronics category with premium quality and smart features,2,587.4
38,75,Sneakers,Electronics,Sneakers for Electronics category with premium quality and smart features,3,723.93
191,67,Backpack,Groceries,Backpack for Groceries category with premium quality and smart features,5,901.0
89,20,Watch,Sports,Watch for Sports category with premium quality and smart features,3,384.2
125,22,Headphones,Toys,Headphones for Toys category with premium quality and smart features,4,898.16
4,9,T-Shirt,Sports,T-Shirt for Sports category with premium quality and smart features,3,214.36
39,36,Gaming Mouse,Fashion,Gaming Mouse for Fashion category with premium quality and smart features,2,362.94
118,73,Blender,Electronics,Blender for Electronics category with premium quality and smart features,5,899.15
190,26,Gaming Mouse,Sports,Gaming Mouse for Sports category with premium quality and smart features,1,404.51
26,43,Sneakers,Fashion,Sneakers for Fashion category with premium quality and smart features,5,962.04
190,69,Camera,Fashion,Camera for Fashion category with premium quality and smart features,1,452.17
134,32,Sneakers,Home,Sneakers for Home category with premium quality and smart features,2,692.8
167,32,Keyboard,Home,Keyboard for Home category with premium quality and smart features,4,185.66
156,35,Laptop,Beauty,Laptop for Beauty category with premium quality and smart features,2,736.0
17,17,Smartphone,Beauty,Smartphone for Beauty category with premium quality and smart features,2,235.31
150,75,Backpack,Toys,Backpack for Toys category with premium quality and smart features,1,541.56
14,41,T-Shirt,Fashion,T-Shirt for Fashion category with premium quality and smart features,4,125.24
22,61,Laptop,Home,Laptop for Home category with premium quality and smart features,5,593.48
154,63,Perfume,Beauty,Perfume for Beauty category with premium quality and smart features,1,585.9
29,57,Perfume,Home,Perfume for Home category with premium quality and smart features,5,757.99
1,33,Perfume,Groceries,Perfume for Groceries category with premium quality and smart features,3,497.68
46,43,Watch,Toys,Watch for Toys category with premium quality and smart features,3,951.92
77,34,Cookware,Home,Cookware for Home category with premium quality and smart features,3,681.06
129,40,Laptop,Toys,Laptop for Toys category with premium quality and smart features,2,492.7
82,66,Backpack,Toys,Backpack for Toys category with premium quality and smart features,2,187.01
195,56,Laptop,Beauty,Laptop for Beauty category with premium quality and smart features,4,349.01
176,69,T-Shirt,Books,T-Shirt for Books category with premium quality and smart features,1,765.22
55,40,Cookware,Beauty,Cookware for Beauty category with premium quality and smart features,5,477.16
176,39,Perfume,Home,Perfume for Home category with premium quality and smart features,2,330.53
50,51,Blender,Books,Blender for Books category with premium quality and smart features,2,614.02
41,42,Gaming Mouse,Toys,Gaming Mouse for Toys category with premium quality and smart features,5,790.86
200,35,Football,Home,Football for Home category with premium quality and smart features,3,477.26
78,48,Sneakers,Books,Sneakers for Books category with premium quality and smart features,3,729.44
191,41,Sneakers,Toys,Sneakers for Toys category with premium quality and smart features,4,567.65
196,54,Camera,Electronics,Camera for Electronics category with premium quality and smart features,4,64.75
105,46,Backpack,Books,Backpack for Books category with premium quality and smart features,3,29.28
181,26,Gaming Mouse,Home,Gaming Mouse for Home category with premium quality and smart features,3,301.85
96,4,Novel,Sports,Novel for Sports category with premium quality and smart features,4,332.43
144,26,Perfume,Home,Perfume for Home category with premium quality and smart features,5,445.7
71,14,T-Shirt,Fashion,T-Shirt for Fashion category with premium quality and smart features,2,332.23
123,76,Smartphone,Toys,Smartphone for Toys category with premium quality and smart features,4,690.92
181,63,Sneakers,Home,Sneakers for Home category with premium quality and smart features,5,590.25
16,13,Gaming Mouse,Electronics,Gaming Mouse for Electronics category with premium quality and smart features,3,283.29
95,57,Laptop,Beauty,Laptop for Beauty category with premium quality and smart features,4,142.94
192,10,Camera,Sports,Camera for Sports category with premium quality and smart features,4,826.07
39,76,Perfume,Beauty,Perfume for Beauty category with premium quality and smart features,2,566.22
113,32,Perfume,Sports,Perfume for Sports category with premium quality and smart features,5,765.16
67,72,Keyboard,Beauty,Keyboard for Beauty category with premium quality and smart features,1,149.06
198,9,Blender,Sports,Blender for Sports category with premium quality and smart features,3,906.05
115,28,Cookware,Books,Cookware for Books category with premium quality and smart features,4,235.41
93,43,Gaming Mouse,Home,Gaming Mouse for Home category with premium quality and smart features,3,262.8
192,3,Laptop,Books,Laptop for Books category with premium quality and smart features,4,433.06
125,7,Football,Electronics,Football for Electronics category with premium quality and smart features,5,379.74
145,56,Watch,Electronics,Watch for Electronics category with premium quality and smart features,3,792.24
126,37,Gaming Mouse,Sports,Gaming Mouse for Sports category with premium quality and smart features,1,737.09
145,12,Watch,Fashion,Watch for Fashion category with premium quality and smart features,2,800.61
23,74,Perfume,Toys,Perfume for Toys category with premium quality and smart features,2,754.39
197,56,Backpack,Beauty,Backpack for Beauty category with premium quality and smart features,4,890.46
190,20,Laptop,Sports,Laptop for Sports category with premium quality and smart features,2,651.36
87,59,Football,Groceries,Football for Groceries category with premium quality and smart features,1,407.45
76,1,Smartphone,Groceries,Smartphone for Groceries category with premium quality and smart features,1,232.98
110,20,Blender,Beauty,Blender for Beauty category with premium quality and smart features,2,588.53
197,42,Gaming Mouse,Toys,Gaming Mouse for Toys category with premium quality and smart features,2,772.23
148,46,T-Shirt,Books,T-Shirt for Books category with premium quality and smart features,2,214.08
47,13,Watch,Electronics,Watch for Electronics category with premium quality and smart features,5,945.05
11,17,Laptop,Sports,Laptop for Sports category with premium quality and smart features,3,871.85
59,27,Sneakers,Home,Sneakers for Home category with premium quality and smart features,2,430.04
70,30,Camera,Home,Camera for Home category with premium quality and smart features,3,37.02
113,16,Smartphone,Groceries,Smartphone for Groceries category with premium quality and smart features,4,868.86
190,27,Smartphone,Groceries,Smartphone for Groceries category with premium quality and smart features,4,444.16
51,27,Perfume,Groceries,Perfume for Groceries category with premium quality and smart features,1,101.92
45,65,Headphones,Fashion,Headphones for Fashion category with premium quality and smart features,2,129.15
126,78,Keyboard,Sports,Keyboard for Sports category with premium quality and smart features,3,420.98
54,12,Backpack,Sports,Backpack for Sports category with premium quality and smart features,3,513.65
117,3,Novel,Electronics,Novel for Electronics category with premium quality and smart features,4,406.31
26,46,Sneakers,Sports,Sneakers for Sports category with premium quality and smart features,1,439.81
167,39,Keyboard,Home,Keyboard for Home category with premium quality and smart features,1,653.93
100,61,Sneakers,Electronics,Sneakers for Electronics category with premium quality and smart features,3,54.92
64,23,Headphones,Electronics,Headphones for Electronics category with premium quality and smart features,5,164.2
178,61,Smartphone,Electronics,Smartphone for Electronics category with premium quality and smart features,5,804.36
190,38,Perfume,Sports,Perfume for Sports category with premium quality and smart features,4,825.02
108,23,Football,Books,Football for Books category with premium quality and smart features,5,965.65
190,24,Football,Sports,Football for Sports category with premium quality and smart features,1,788.69
8,64,Sneakers,Home,Sneakers for Home category with premium quality and smart features,4,629.06
68,80,Smartphone,Sports,Smartphone for Sports category with premium quality and smart features,1,338.27
121,5,Football,Books,Football for Books category with premium quality and smart features,4,56.03
97,77,Headphones,Books,Headphones for Books category with premium quality and smart features,1,24.79
58,12,Laptop,Groceries,Laptop for Groceries category with premium quality and smart features,1,969.04
119,54,Headphones,Toys,Headphones for Toys category with premium quality and smart features,5,811.33
1,40,Backpack,Toys,Backpack for Toys category with premium quality and smart features,3,136.92
169,70,Perfume,Sports,Perfume for Sports category with premium quality and smart features,1,483.01
192,74,Headphones,Home,Headphones for Home category with premium quality and smart features,2,519.59
37,29,Keyboard,Fashion,Keyboard for Fashion category with premium quality and smart features,1,720.1
73,79,T-Shirt,Fashion,T-Shirt for Fashion category with premium quality and smart features,2,258.16
187,39,Keyboard,Sports,Keyboard for Sports category with premium quality and smart features,4,671.67
134,67,Camera,Beauty,Camera for Beauty category with premium quality and smart features,2,334.66
96,19,Keyboard,Electronics,Keyboard for Electronics category with premium quality and smart features,4,635.56
51,24,Headphones,Electronics,Headphones for Electronics category with premium quality and smart features,1,837.03
61,21,Cookware,Groceries,Cookware for Groceries category with premium quality and smart features,1,576.37
124,45,Gaming Mouse,Home,Gaming Mouse for Home category with premium quality and smart features,5,411.6
55,59,Watch,Beauty,Watch for Beauty category with premium quality and smart features,4,126.64
72,66,Cookware,Sports,Cookware for Sports category with premium quality and smart features,2,262.73
125,71,Gaming Mouse,Toys,Gaming Mouse for Toys category with premium quality and smart features,1,671.33
88,67,Laptop,Beauty,Laptop for Beauty category with premium quality and smart features,3,432.25
7,70,Laptop,Books,Laptop for Books category with premium quality and smart features,2,975.34
29,16,Headphones,Beauty,Headphones for Beauty category with premium quality and smart features,3,313.96
112,71,Blender,Fashion,Blender for Fashion category with premium quality and smart features,5,190.79
131,25,Blender,Books,Blender for Books category with premium quality and smart features,2,778.15
